-- phpMyAdmin SQL Dump
-- version 4.9.7
-- https://www.phpmyadmin.net/
--
-- 主机： localhost:3306
-- 生成日期： 2022-11-11 21:40:07
-- 服务器版本： 5.7.39-cll-lve
-- PHP 版本： 7.3.32

SET SQL_MODE = "NO_AUTO_VALUE_ON_ZERO";
SET AUTOCOMMIT = 0;
START TRANSACTION;
SET time_zone = "+00:00";


/*!40101 SET @OLD_CHARACTER_SET_CLIENT=@@CHARACTER_SET_CLIENT */;
/*!40101 SET @OLD_CHARACTER_SET_RESULTS=@@CHARACTER_SET_RESULTS */;
/*!40101 SET @OLD_COLLATION_CONNECTION=@@COLLATION_CONNECTION */;
/*!40101 SET NAMES utf8mb4 */;

--
-- 数据库： `JLiang20`
--

-- --------------------------------------------------------

--
-- 表的结构 `track_benches`
--

CREATE TABLE `track_benches` (
  `id` int(13) NOT NULL,
  `user_id` int(13) NOT NULL,
  `name` varchar(64) NOT NULL,
  `type` varchar(64) NOT NULL,
  `style` varchar(64) NOT NULL,
  `description` text NOT NULL,
  `img` varchar(256) NOT NULL,
  `date_create` datetime NOT NULL
) ENGINE=InnoDB DEFAULT CHARSET=latin1;

--
-- 转存表中的数据 `track_benches`
--

INSERT INTO `track_benches` (`id`, `user_id`, `name`, `type`, `style`, `description`, `img`, `date_create`) VALUES
(1, 3, 'Maud', 'wood', 'colorful', 'Poh gadju gerici lo ze wan ro bep no jiedamiw kinta kamhuro delmijse ved anaizba.', 'https://via.placeholder.com/486x513/485/fff/?text=Maud', '2022-07-21 19:25:32'),
(2, 2, 'Cora', 'wood', 'colorful', 'Bopugmu do zamutute umho uptulfad cidnin tabbaga hefaju su jifaf emo ez sifiz efosos zewha ewwosoj.', 'https://via.placeholder.com/436x579/467/fff/?text=Cora', '2021-09-09 07:51:05'),
(3, 2, 'Rosalie', 'steel', 'light-color', 'Afhog muaw ro okigafi vipivda nevid agposa faz ji jikewu wip esije vozobidi je woh fo mozkudow farip.', 'https://via.placeholder.com/425x468/B55/fff/?text=Rosalie', '2020-11-10 11:59:51'),
(4, 1, 'Jared', 'wood', 'dark-color', 'Use si uzcurhu elutike sopon acrir woukmuv va ga on lofiri cipohfuh kohusru wocafe fac ribu fin itedebsaf.', 'https://via.placeholder.com/412x359/89A/fff/?text=Jared', '2020-04-06 12:23:35'),
(5, 8, 'Stella', 'stone', 'dark-color', 'Segabe lilondo cazobni cufiwe tatazu agoez rorhe ertiji tedes vuzipep osare babim surditek gowfobel.', 'https://via.placeholder.com/398x537/943/fff/?text=Stella', '2022-06-12 04:51:45'),
(6, 5, 'Olivia', 'steel', 'light-color', 'Hejzud usujohu le bimzo fo gihke bi ersus sipwujjow moivo law di jo ovufi salikka sujip zoh.', 'https://via.placeholder.com/409x471/473/fff/?text=Olivia', '2022-08-18 17:01:18'),
(7, 8, 'Myrtie', 'wood', 'colorful', 'Refjuc zes dareosu cuzga ut gikjozte ra toviv tude ni vensaisu efda.', 'https://via.placeholder.com/385x531/645/fff/?text=Myrtie', '2021-10-29 21:31:09'),
(8, 8, 'Mable', 'steel', 'light-color', 'Jojjuhhip ovdozpi jahdituw igavab beba mob litesal jumefahar aj egogoeco sagle uli omte matazeci hanon uta.', 'https://via.placeholder.com/415x564/5A6/fff/?text=Mable', '2020-09-15 09:41:24'),
(9, 1, 'Cameron', 'wood', 'dark-color', 'Letfin tuwullo ahhu odo votejuer igu awmih veb hol netzolbek uwibozelo jias cas kofum.', 'https://via.placeholder.com/577x486/678/fff/?text=Cameron', '2022-06-02 16:48:17'),
(10, 3, 'Ralph', 'wood', 'contemporary-design', 'Wedvat nes uho jobahdus non nuver ilaiticom kukrukwu temiik olali rov inopa melhab tu mah maujarez.', 'https://via.placeholder.com/503x564/6A3/fff/?text=Ralph', '2021-05-20 10:28:22'),
(11, 10, 'Estella', 'stone', 'dark-color', 'Jok efinusu jumu jo fovuw kiloc rapde nuolzo cis inowera fap ideroonu miphu zojo tinun wi wif.', 'https://via.placeholder.com/356x428/94A/fff/?text=Estella', '2022-08-06 23:41:21'),
(12, 5, 'Sadie', 'steel', 'light-color', 'Tezu du vajev eve ropinar hil gutoda bi emrad ret jup mas newev.', 'https://via.placeholder.com/537x379/8A4/fff/?text=Sadie', '2021-12-29 22:39:11'),
(13, 4, 'Fanny', 'wood', 'dark-color', 'Egebos bihi tetmekoke asuvuvvi omoli lozaketu hezfok ohisiwco runwa dajfaldup bupo fuv.', 'https://via.placeholder.com/496x469/578/fff/?text=Fanny', '2021-03-20 23:03:55'),
(14, 3, 'Willie', 'steel', 'colorful', 'Hig kihu dole nimajpe mazziluwe ar ododup puwmizmel vodvenit mu dak ref mimse buvar mavi.', 'https://via.placeholder.com/468x545/854/fff/?text=Willie', '2021-02-13 14:27:43'),
(15, 5, 'Ethel', 'stone', 'light-color', 'Ti re su re lothuvmew sinba pegmev otwa vojobiza ge na lifzi kug loltuh ugelo.', 'https://via.placeholder.com/459x378/597/fff/?text=Ethel', '2020-12-17 16:16:00'),
(16, 7, 'Lenora', 'steel', 'light-color', 'Pisotovi onifo co ti umituiw ulvut busazbo pin ni moogigi rob bisuab dela zek.', 'https://via.placeholder.com/433x360/966/fff/?text=Lenora', '2022-02-21 21:29:39'),
(17, 9, 'Francis', 'stone', 'contemporary-design', 'Vi da gumi dacogjic sejhocobo pimtuif fodge jezovo aloez pahri li rojmeza zik bucwo sijaet fa.', 'https://via.placeholder.com/444x418/786/fff/?text=Francis', '2022-03-19 18:16:02'),
(18, 8, 'Catherine', 'steel', 'contemporary-design', 'Lapez liwiucu wehma tobov koib rutucoide wiboswo hegejri te fuw fapzos zeatu pa catemrum.', 'https://via.placeholder.com/479x403/346/fff/?text=Catherine', '2021-04-25 02:30:43'),
(19, 6, 'Emma', 'stone', 'contemporary-design', 'Nonazo miwmaum apohakkol mib muhpu buz esuovifur eh jajeh tica ejara une ju sualeti.', 'https://via.placeholder.com/511x486/5B6/fff/?text=Emma', '2021-08-18 10:46:48'),
(20, 8, 'Iva', 'wood', 'log-color', 'Wo vew legpufjin anaufvuw dotosi de pel it lagi sa enhi cun.', 'https://via.placeholder.com/376x478/64B/fff/?text=Iva', '2020-12-15 08:45:55'),
(21, 1, 'Bessie', 'wood', 'contemporary-design', 'His ba kizapate ranosev nos jo afako zure cifap rog hosvoz libpu pocetup guz bivudtih ote rucipu huj.', 'https://via.placeholder.com/585x597/864/fff/?text=Bessie', '2020-07-17 05:00:05'),
(22, 10, 'Willie', 'stone', 'light-color', 'We niwih eczu surmaci tim fa ni hen biwakbaw ulabanip ulrujbej riwa letake kike ralmurpu.', 'https://via.placeholder.com/380x386/693/fff/?text=Willie', '2021-06-18 13:44:14'),
(23, 10, 'Theodore', 'wood', 'colorful', 'Sinepud amedew wecoz ob dizvivo to bonperbut ituvos kiw mokov lo rujaw keohioji.', 'https://via.placeholder.com/591x465/6AB/fff/?text=Theodore', '2020-06-16 04:54:04'),
(24, 7, 'Lucille', 'wood', 'contemporary-design', 'Idi cepe bopase faj salohaiki gajberol tigre wo ofutaan hatoga dic siljecuh.', 'https://via.placeholder.com/376x452/36A/fff/?text=Lucille', '2020-11-16 17:05:51'),
(25, 9, 'Jorge', 'stone', 'colorful', 'Urobak cojguwri govoz zuregof gavero mazo mehiso tu cutgufif bi bukjafow fon len cemad ep.', 'https://via.placeholder.com/472x529/4B6/fff/?text=Jorge', '2021-12-16 11:55:38'),
(26, 3, 'Jay', 'steel', 'contemporary-design', 'Igiez zil se izoju oha pahvigmeb votohead uraso fiek sasek ihuwo vasi enziwcum hasja.', 'https://via.placeholder.com/425x524/49A/fff/?text=Jay', '2022-05-16 07:49:24'),
(27, 2, 'Edith', 'steel', 'colorful', 'Pinda la ug ule li tihovca upolus budar cirdah va voj ohhurbuh sadnudgo asjej kaskevfal tuwiwih nueketa vi.', 'https://via.placeholder.com/517x560/A5B/fff/?text=Edith', '2021-03-10 21:46:33'),
(28, 1, 'Ralph', 'wood', 'contemporary-design', 'Ufaaz ses agajipu tuzied tajut zaw buse ahawa doka bifajhe duwaum up.', 'https://via.placeholder.com/504x437/88B/fff/?text=Ralph', '2020-06-27 02:26:00'),
(29, 4, 'Tommy', 'stone', 'light-color', 'Omugari ikimul zineloj gabwabca gusnupap iseja ef ujunarhus ipo gobmenij cahbujo tukfu ube kuftuvza lagefim wub recca kipni.', 'https://via.placeholder.com/433x383/485/fff/?text=Tommy', '2020-01-03 22:35:52'),
(30, 8, 'Willie', 'wood', 'contemporary-design', 'Fuohinub kima fawoto owmis ogziziki ju fifcow palolfov meji kujideb owud zoprepin ge welwis pairugek kadhoume enwuhod.', 'https://via.placeholder.com/524x456/964/fff/?text=Willie', '2021-11-23 21:23:31'),
(31, 1, 'Howard', 'steel', 'contemporary-design', 'Iwicevlo ziejdef retig haed tor unmo si tiwuk caztil jekir hobeb garkima ofe epatiwi.', 'https://via.placeholder.com/502x572/889/fff/?text=Howard', '2022-06-05 18:44:25'),
(32, 2, 'Cordelia', 'wood', 'contemporary-design', 'Buum re vic ehce rur nijot wazfu mugpejuf tuvawju pup celi be reigido uwo vetak eh.', 'https://via.placeholder.com/447x597/788/fff/?text=Cordelia', '2021-09-15 08:13:02'),
(33, 2, 'Jeanette', 'steel', 'dark-color', 'Conij awuba utu vec le funehlub vof mivonlo ik uz zo duaraulo unkej.', 'https://via.placeholder.com/505x532/47B/fff/?text=Jeanette', '2022-03-23 13:33:23'),
(34, 3, 'Rebecca', 'steel', 'contemporary-design', 'Efihow fan mavarel tovac opomarci ju ice merpadut mute divef ba do co fu ah.', 'https://via.placeholder.com/403x568/867/fff/?text=Rebecca', '2022-11-09 06:23:09'),
(35, 10, 'Lillie', 'stone', 'light-color', 'Hu novge muwvudivi valonnod ahokuslog wodgaje kiji aloipzar ropap ras konifju mod.', 'https://via.placeholder.com/462x474/A59/fff/?text=Lillie', '2022-11-02 22:47:17'),
(36, 2, 'Douglas', 'wood', 'contemporary-design', 'Kinep lu zapaad kikloep wah cu ogekodhi calus un onnogfut reaj moeb tiipak ot hiojapiw.', 'https://via.placeholder.com/526x583/844/fff/?text=Douglas', '2020-04-21 02:26:01'),
(37, 6, 'Lucinda', 'stone', 'contemporary-design', 'Awcu zaflo agikeovo use hoc solizizu okwip tomhishe voha vowun mo gesfi.', 'https://via.placeholder.com/531x391/977/fff/?text=Lucinda', '2021-02-23 07:39:08'),
(38, 5, 'Lela', 'wood', 'log-color', 'Keukfal jep halom wuh sivmikudi zehpa vosve bidemo copioj bal limifpuw utofi dojlu guwujil ju nefzekmu.', 'https://via.placeholder.com/406x484/587/fff/?text=Lela', '2021-05-04 01:48:05'),
(39, 9, 'Eunice', 'steel', 'light-color', 'Guninre ijo zieg apugo fuvsevsim tentak azlabe as mombat je gu fuloziog arahurif cirisas epokugga pavebu zohunres.', 'https://via.placeholder.com/543x432/738/fff/?text=Eunice', '2021-06-13 11:35:45'),
(40, 4, 'Christine', 'steel', 'dark-color', 'Irueheowu ep icsi suwpatti zi rutoez ti jojamfop koce gowob nanit cahhe ve maca pok dubji.', 'https://via.placeholder.com/427x378/97A/fff/?text=Christine', '2021-12-31 22:12:02'),
(41, 1, 'Celia', 'stone', 'contemporary-design', 'Im fefeiki sojdep lik iru ad eganucov ikodacut segwe dewnire nat ke madaw muccunpeb cufted gapvas vaeda uzujem.', 'https://via.placeholder.com/573x570/56A/fff/?text=Celia', '2022-03-26 10:00:36'),
(42, 3, 'Zachary', 'wood', 'dark-color', 'Luho ne amuferbuc mutpo ku lijazril sik sawu fogku nop cef gawe.', 'https://via.placeholder.com/553x525/583/fff/?text=Zachary', '2021-01-20 06:47:49'),
(43, 10, 'Ivan', 'wood', 'contemporary-design', 'Nige lanhi racelvot jasopga kib bidufcul ji owved poapuju bicpu ca wocogic zo monko epfugdob ri vukape.', 'https://via.placeholder.com/387x536/B44/fff/?text=Ivan', '2021-06-26 05:24:40'),
(44, 1, 'Gavin', 'stone', 'light-color', 'Jawcajab reuzo cewob hutaesi nur hinvonce po wenire zo jo voizowap do iwpe ko bemfa behhem.', 'https://via.placeholder.com/360x527/A94/fff/?text=Gavin', '2021-05-04 23:23:56'),
(45, 10, 'Hunter', 'wood', 'log-color', 'Fe fokokaw budog afe cici fivujoju vowo zavagbip zawdu li vusid beutba.', 'https://via.placeholder.com/354x421/667/fff/?text=Hunter', '2021-08-07 22:43:49'),
(46, 10, 'Olive', 'wood', 'colorful', 'Go reziju rosnej con zutudgad waoncik itwo nuzegfe doli buba hoj nu ko cuzkev kodiaw.', 'https://via.placeholder.com/415x425/355/fff/?text=Olive', '2020-10-18 12:44:21'),
(47, 4, 'Isabelle', 'stone', 'contemporary-design', 'Voomiuvu lelahi ziter biik fikada mozagva ho ok inosotun mipaknir na liose cokadah.', 'https://via.placeholder.com/434x386/AA5/fff/?text=Isabelle', '2020-11-10 08:17:16'),
(48, 2, 'Jeremy', 'stone', 'colorful', 'Lehese esrikjin ohorivah remheba lapevo du omtadow sowed bageb nunoke cuerhop hopuhwug buddo mepebtos vigbuc gu pegpit.', 'https://via.placeholder.com/562x366/583/fff/?text=Jeremy', '2020-10-17 03:57:26'),
(49, 8, 'Maud', 'wood', 'log-color', 'Ritwaol dulwa da oc iki sumuga du nonum isoweve ugmaged si uhari co vow ferfilo vafe alipsat fivig.', 'https://via.placeholder.com/354x494/8BB/fff/?text=Maud', '2022-08-24 07:16:56'),
(50, 10, 'Leo', 'wood', 'log-color', 'Fa ra marja dinpeksot umuva but sa we vadri zutuege migcoul aje fuk honve ezlon.', 'https://via.placeholder.com/401x507/B8A/fff/?text=Leo', '2020-06-25 19:49:25');

-- --------------------------------------------------------

--
-- 表的结构 `track_locations`
--

CREATE TABLE `track_locations` (
  `id` int(13) NOT NULL,
  `bench_id` int(13) NOT NULL,
  `lat` decimal(8,0) NOT NULL,
  `lng` decimal(9,0) NOT NULL,
  `description` text NOT NULL,
  `photo` varchar(256) NOT NULL,
  `icon` varchar(256) NOT NULL,
  `date_create` datetime NOT NULL
) ENGINE=InnoDB DEFAULT CHARSET=latin1;

--
-- 转存表中的数据 `track_locations`
--

INSERT INTO `track_locations` (`id`, `bench_id`, `lat`, `lng`, `description`, `photo`, `icon`, `date_create`) VALUES
(1, 12, 37, -122, 'Vihup jeva bigpa cokuja gozih wawavih kirihcac pihu jouh emozor mulu idgo uzrigwu guji sibunu juhas gegug jir.', 'https://via.placeholder.com/538x371/4B7/fff/?text=PHOTO', 'https://via.placeholder.com/542x409/B9A/fff/?text=ICON', '2020-03-29 16:27:26'),
(2, 17, 37, -122, 'Koih vijazud lejrotfu leez ed cuupzah otmo fihbajlud dudihvi ko jag nehtefup mo cu.', 'https://via.placeholder.com/557x600/874/fff/?text=PHOTO', 'https://via.placeholder.com/451x489/934/fff/?text=ICON', '2021-11-09 19:00:42'),
(3, 24, 38, -122, 'Tetdor tap taz zinoce do tilsiv tucifla detmu je gibwa caopa tefuom wa ta wiv fihag he.', 'https://via.placeholder.com/427x587/377/fff/?text=PHOTO', 'https://via.placeholder.com/382x538/695/fff/?text=ICON', '2021-04-13 10:09:01'),
(4, 36, 37, -122, 'Vepekvi pupephu kozken tu dej zouhozam zadij jufeg ectad gokwannub azker fat kiraej fa ofad timumhob.', 'https://via.placeholder.com/382x491/B36/fff/?text=PHOTO', 'https://via.placeholder.com/481x434/885/fff/?text=ICON', '2021-06-14 08:31:23'),
(5, 19, 37, -122, 'Ka fenahi tubawca dur hucwi luoroje owepe luvovosi su uge beludepo weccag kihboice cewip bu dufdoga semhuho.', 'https://via.placeholder.com/471x536/943/fff/?text=PHOTO', 'https://via.placeholder.com/561x509/A46/fff/?text=ICON', '2021-02-18 19:19:06'),
(6, 13, 37, -122, 'Sioc wuv abgov amdusib zelo heh ci retik enzajij wafokvov danenefa wiezole.', 'https://via.placeholder.com/489x438/8B6/fff/?text=PHOTO', 'https://via.placeholder.com/362x394/4AB/fff/?text=ICON', '2021-08-20 01:11:00'),
(7, 33, 38, -122, 'Icu cigabmu zavvad sukcazuj pup hupfi zerik seva cahba amudif wivecji heh nuk.', 'https://via.placeholder.com/599x553/74B/fff/?text=PHOTO', 'https://via.placeholder.com/489x590/AB7/fff/?text=ICON', '2020-12-12 10:10:00'),
(8, 14, 37, -122, 'Mowdebuv ahfitca birdet kafidic ul bene sol kep zihfel levav pipdarah pomfib ibezed rodir atero naki pezfi.', 'https://via.placeholder.com/448x409/3B4/fff/?text=PHOTO', 'https://via.placeholder.com/379x366/4A8/fff/?text=ICON', '2020-12-18 08:30:53'),
(9, 2, 37, -122, 'Ka cekpe ruzlurro ibokefa upjil opaup korve emfetpa zetgik kirjunwu taham zabva.', 'https://via.placeholder.com/491x562/834/fff/?text=PHOTO', 'https://via.placeholder.com/469x569/B54/fff/?text=ICON', '2020-04-18 05:03:20'),
(10, 13, 37, -122, 'Jablo nerteto navom fiz ewene sostivi pipih gedakruz li cuezo nezsir cabo nebhamev.', 'https://via.placeholder.com/461x564/3A6/fff/?text=PHOTO', 'https://via.placeholder.com/404x464/A76/fff/?text=ICON', '2022-05-21 08:43:06'),
(11, 32, 38, -122, 'Dag vanna fodarac iv fewkec amuwazser am eduta ehe opo obo sutivham.', 'https://via.placeholder.com/426x355/894/fff/?text=PHOTO', 'https://via.placeholder.com/490x581/657/fff/?text=ICON', '2021-05-14 22:25:27'),
(12, 7, 38, -122, 'Valloh etcan ti ineumodu onosukuf roatapud uljife uzi putta hufcibga ufemupa illose kiru iletovmah loj re.', 'https://via.placeholder.com/518x490/668/fff/?text=PHOTO', 'https://via.placeholder.com/372x494/88A/fff/?text=ICON', '2020-12-13 14:50:48'),
(13, 17, 38, -122, 'Hoepha epekah julziev bij powa obke pegham lowa ac caj olzugom miig.', 'https://via.placeholder.com/492x581/A99/fff/?text=PHOTO', 'https://via.placeholder.com/377x368/348/fff/?text=ICON', '2020-10-31 00:58:24'),
(14, 22, 37, -122, 'Usheh me ahe otikej aro ju likozsi ta ufobi cekeh luz faftuwhu debgos erilicor.', 'https://via.placeholder.com/487x373/844/fff/?text=PHOTO', 'https://via.placeholder.com/445x495/85A/fff/?text=ICON', '2022-05-09 02:56:37'),
(15, 4, 38, -122, 'Fopirusav ebsos cunjed goptup erzenhug luepcad mep revowhef ba ati riro neema ce ute.', 'https://via.placeholder.com/597x477/A66/fff/?text=PHOTO', 'https://via.placeholder.com/590x511/798/fff/?text=ICON', '2021-02-05 09:37:04'),
(16, 33, 37, -122, 'Nodipem nuhubze afazuftak mija zasfiwvor roezaefo sejenuip wibhuwre rerkucfo magahdeb naoniep zutipvep ara maveswam wuz.', 'https://via.placeholder.com/549x459/598/fff/?text=PHOTO', 'https://via.placeholder.com/374x454/757/fff/?text=ICON', '2020-03-23 18:06:25'),
(17, 41, 38, -122, 'Ka liluwuj liz zokdut vatni sodove mo vedij budhuma hehirto vodeabe tonebha raelori po.', 'https://via.placeholder.com/492x485/773/fff/?text=PHOTO', 'https://via.placeholder.com/449x380/8B8/fff/?text=ICON', '2021-02-01 00:29:57'),
(18, 38, 38, -122, 'Lote ge dazajiz divderer zaju ornesbil umaracuv sopok nuf koif evo fo.', 'https://via.placeholder.com/571x543/4AA/fff/?text=PHOTO', 'https://via.placeholder.com/436x567/858/fff/?text=ICON', '2021-05-09 14:59:18'),
(19, 43, 38, -122, 'Alocib guvnek jiukiubi rokil imhazu retrus bevnogge raepisim jic gevdak zuf ma jufoeci nodrefu.', 'https://via.placeholder.com/479x405/969/fff/?text=PHOTO', 'https://via.placeholder.com/498x575/3A3/fff/?text=ICON', '2021-09-02 13:01:27'),
(20, 15, 37, -122, 'Del nuhejsig hirhawma ijlabis mudef signulu hizvum huveb ladudcew si hawim kurwim jen napnurdi kic.', 'https://via.placeholder.com/486x386/9A5/fff/?text=PHOTO', 'https://via.placeholder.com/409x598/536/fff/?text=ICON', '2020-08-17 15:23:15'),
(21, 45, 37, -122, 'Coggabil he isiokuju za fohwegca ofdu abcuz ci runo ef ew iz.', 'https://via.placeholder.com/457x574/83B/fff/?text=PHOTO', 'https://via.placeholder.com/392x532/798/fff/?text=ICON', '2020-04-05 11:34:19'),
(22, 20, 37, -122, 'Govuzoh alozo vocu guzovan injad vijsijjet zacam popmadsi kohuj uzoakame hegu zid jec coziruc wovono.', 'https://via.placeholder.com/577x452/338/fff/?text=PHOTO', 'https://via.placeholder.com/444x587/39B/fff/?text=ICON', '2020-10-23 03:47:23'),
(23, 31, 38, -122, 'Bebva milaek ikuna emu elacihlu hiejeri gemrioda veb rogapwo zagraj jarbuszi pej daj tu ciuf wugul ruzci.', 'https://via.placeholder.com/490x513/8B9/fff/?text=PHOTO', 'https://via.placeholder.com/490x581/676/fff/?text=ICON', '2022-04-12 22:56:19'),
(24, 47, 38, -122, 'Lac zoro usori mujcir wog pi nono bejaz huino ozilevgej ezuufipe var.', 'https://via.placeholder.com/357x381/344/fff/?text=PHOTO', 'https://via.placeholder.com/490x548/876/fff/?text=ICON', '2020-04-12 02:25:53'),
(25, 6, 37, -122, 'Rej roz gicim kopoc ofacanna ijojawzel cuhzu fis zi ibrog woat acibo upijeeg ibcav ege.', 'https://via.placeholder.com/414x400/338/fff/?text=PHOTO', 'https://via.placeholder.com/419x525/753/fff/?text=ICON', '2022-10-20 11:09:13'),
(26, 32, 38, -122, 'Javi cabog habfevdos haf potguzkup wauda juhpi fibduida wonipira lelipse zabizbos eciji ofamepo kihkusaw peosi poweg inhu jiw.', 'https://via.placeholder.com/479x522/466/fff/?text=PHOTO', 'https://via.placeholder.com/409x600/5A5/fff/?text=ICON', '2020-06-29 22:14:46'),
(27, 41, 38, -122, 'Uwval barto uri wimmu wa eh ku oljeca nuk sucape ru wiocidif ade siz wewapbe wironenar.', 'https://via.placeholder.com/424x486/559/fff/?text=PHOTO', 'https://via.placeholder.com/535x587/545/fff/?text=ICON', '2020-04-16 03:51:07'),
(28, 25, 37, -122, 'Zu hi fu letiz if zaltujwu matlu het celsilha gewwekir tika awujli ep zuho.', 'https://via.placeholder.com/461x494/655/fff/?text=PHOTO', 'https://via.placeholder.com/468x509/837/fff/?text=ICON', '2020-10-13 02:12:22'),
(29, 39, 37, -122, 'Lumgontul vaisi adevem fevop muahu ticibje suzruhlip anwob so zivehi wovotrah sumi ud hofjil viwaw gutbeda.', 'https://via.placeholder.com/536x588/98A/fff/?text=PHOTO', 'https://via.placeholder.com/489x552/998/fff/?text=ICON', '2021-11-26 20:37:38'),
(30, 20, 37, -122, 'Lujpub benso jihvilobo ponase widjahtu totfe oklitaj rujad kit cu ladragzac vu.', 'https://via.placeholder.com/393x467/5A7/fff/?text=PHOTO', 'https://via.placeholder.com/518x457/A58/fff/?text=ICON', '2021-08-19 16:41:49'),
(31, 25, 38, -122, 'Kehhupice towinhem minwe duchuc tocuna pikedi viwko bo lug no vibbozja id bod nakeza zuvku wiwmalog buspicepa.', 'https://via.placeholder.com/408x450/458/fff/?text=PHOTO', 'https://via.placeholder.com/567x399/94B/fff/?text=ICON', '2021-02-16 20:49:52'),
(32, 6, 38, -122, 'Cevak birone piveser feruw nuvwazake zotudni irajug bobo vitki teruw itiaz jichiduca.', 'https://via.placeholder.com/483x413/955/fff/?text=PHOTO', 'https://via.placeholder.com/354x563/48A/fff/?text=ICON', '2022-10-08 06:51:05'),
(33, 38, 38, -122, 'Ajfas suvcif tojoeka venig gaofudik rev fe kezew vukemi je owo zitufra korospal wovaghi vo cunfus menazjas.', 'https://via.placeholder.com/449x553/588/fff/?text=PHOTO', 'https://via.placeholder.com/414x462/868/fff/?text=ICON', '2020-01-31 09:59:27'),
(34, 41, 38, -122, 'Amo wow rachahdoz coudvo adokkag conkuka ipzo iseima puezoka gileziz pasuw fuja.', 'https://via.placeholder.com/370x575/879/fff/?text=PHOTO', 'https://via.placeholder.com/559x351/956/fff/?text=ICON', '2021-06-26 17:39:07'),
(35, 11, 37, -122, 'Hojonimim ja vurcuev ibipobo con rivhiv hegol sivum dok bicdoshoc evtufza dufli suzmev wesiwvoj huc as huv jostud.', 'https://via.placeholder.com/404x366/577/fff/?text=PHOTO', 'https://via.placeholder.com/362x592/4A9/fff/?text=ICON', '2022-01-16 02:24:17'),
(36, 7, 37, -122, 'Zofbi go abe rot emamin fozdu fa pam buk ujerah suk zop if dogud tozomveb.', 'https://via.placeholder.com/454x352/B84/fff/?text=PHOTO', 'https://via.placeholder.com/502x360/368/fff/?text=ICON', '2020-03-01 21:48:04'),
(37, 39, 37, -122, 'Fehda gigfaj huceso fata dat ekuta wu ak nufaz ob woppepet ku owdupre baki.', 'https://via.placeholder.com/353x368/896/fff/?text=PHOTO', 'https://via.placeholder.com/494x557/835/fff/?text=ICON', '2020-07-21 11:00:39'),
(38, 5, 37, -122, 'Pahif zod rodah izfek kaf uzdas ate vok papmo racwoc zubme okejuhfem se do hupow.', 'https://via.placeholder.com/461x579/35A/fff/?text=PHOTO', 'https://via.placeholder.com/592x568/739/fff/?text=ICON', '2021-11-05 16:23:02'),
(39, 3, 38, -122, 'Rimoivo ma higzum sit wo piwuho niwfap codi moih iva nohka gokuspe wo varil ele pon odumo cispego.', 'https://via.placeholder.com/549x537/BB6/fff/?text=PHOTO', 'https://via.placeholder.com/599x503/696/fff/?text=ICON', '2020-07-19 03:03:17'),
(40, 36, 37, -122, 'Nahujmic ba lavebrem abpaf opci kaidlo jilmaer laj bu ris luw bo weabeho ovkuhlaz ebraw icwugavu.', 'https://via.placeholder.com/413x502/6AB/fff/?text=PHOTO', 'https://via.placeholder.com/387x444/967/fff/?text=ICON', '2022-07-30 15:15:51'),
(41, 20, 38, -122, 'Kocneb mem ec erumebti kapzuzeg jufosuh rilaw sikur rof vuci wowmejce dal uv datette oroezope hiwrekdu izifuuk.', 'https://via.placeholder.com/511x462/449/fff/?text=PHOTO', 'https://via.placeholder.com/456x591/38A/fff/?text=ICON', '2020-02-23 22:06:20'),
(42, 21, 37, -122, 'Ga goj hebiwmi se be lo rifuzor ra sasus ca apo ravzaik azhih se sekowo.', 'https://via.placeholder.com/428x495/5B3/fff/?text=PHOTO', 'https://via.placeholder.com/536x363/9B3/fff/?text=ICON', '2022-08-28 13:12:05'),
(43, 40, 38, -122, 'Gozuh bili cidgomnof nazu ovkodoza dugodlev oz pobeno ugdifsus koozi ha zubtez tekjo.', 'https://via.placeholder.com/563x424/A96/fff/?text=PHOTO', 'https://via.placeholder.com/530x540/345/fff/?text=ICON', '2022-10-07 02:44:51'),
(44, 36, 37, -122, 'Riip ejouzekir sabpab veleha ot bahhuis esaner vuneksov ezsel ke egu vehifaz wuuljup cih.', 'https://via.placeholder.com/588x510/373/fff/?text=PHOTO', 'https://via.placeholder.com/371x410/84B/fff/?text=ICON', '2020-03-22 18:18:55'),
(45, 22, 37, -122, 'Ku kaz tovestav koced asu onuanu wa okijiod gibocu edodafbig ucolot mig beloke pe geg kumzikun forpeltak.', 'https://via.placeholder.com/548x350/69B/fff/?text=PHOTO', 'https://via.placeholder.com/449x590/A64/fff/?text=ICON', '2020-06-26 23:00:45'),
(46, 17, 37, -122, 'Ok jejofka ine apo ekopoup bevhe ruzikgu te im cigijoz ofuigasu rione higogzu udpiive le novevno.', 'https://via.placeholder.com/383x360/656/fff/?text=PHOTO', 'https://via.placeholder.com/447x568/4A9/fff/?text=ICON', '2021-03-12 08:53:30'),
(47, 46, 38, -122, 'Deujazu ip ur so nedonudep pu sadse wuelhud gu huhebfi fuomik bocjo ada kafen ehoczi vejore.', 'https://via.placeholder.com/465x596/A99/fff/?text=PHOTO', 'https://via.placeholder.com/520x525/967/fff/?text=ICON', '2020-07-22 20:44:45'),
(48, 45, 38, -122, 'Fiwob ujojo vinutveb mugag zezebi lid boz ushosec awuci iv awja hijogaecu owo ziw wu ric.', 'https://via.placeholder.com/429x393/835/fff/?text=PHOTO', 'https://via.placeholder.com/390x400/654/fff/?text=ICON', '2021-01-06 03:38:05'),
(49, 40, 38, -122, 'Ki ohadosfiw vikeci tu kuhuhne reulu oton kinane he wuziv otiduiw ezimedit vokebo veszo.', 'https://via.placeholder.com/562x556/3BA/fff/?text=PHOTO', 'https://via.placeholder.com/452x528/6A4/fff/?text=ICON', '2021-05-08 15:18:16'),
(50, 15, 38, -122, 'Tu nezucon vuwip icuvob araiv wuupa pit uro imrozeg rulpo gaiko vocjonek nip.', 'https://via.placeholder.com/430x416/5B8/fff/?text=PHOTO', 'https://via.placeholder.com/413x421/A7B/fff/?text=ICON', '2022-05-08 13:01:18'),
(51, 48, 38, -122, 'Diwradu kopiwad ponbah mofol ewmenka pajukpa ezo nawefi nokici usme rukmuwne anoke soj wac osauwce cammuca.', 'https://via.placeholder.com/483x500/3B4/fff/?text=PHOTO', 'https://via.placeholder.com/596x389/5B8/fff/?text=ICON', '2022-07-27 10:30:25'),
(52, 33, 37, -122, 'Tasot teza vu lut hovas pocgi uneji omunuud nape sez na potko pajeta onapu lonava di op meon.', 'https://via.placeholder.com/369x584/56A/fff/?text=PHOTO', 'https://via.placeholder.com/510x553/734/fff/?text=ICON', '2021-07-15 17:23:38'),
(53, 4, 37, -122, 'Juobfog pujfotja dan pe raso cevup nup hopnutvi ero hepikvop vihviopa otlabdi.', 'https://via.placeholder.com/466x521/393/fff/?text=PHOTO', 'https://via.placeholder.com/539x408/B33/fff/?text=ICON', '2020-04-28 21:21:48'),
(54, 30, 38, -122, 'Devifif bawufdu buvbuwaw ma rejif udzuuc judope wikuglo buolhir ipiset fiha taw.', 'https://via.placeholder.com/466x599/787/fff/?text=PHOTO', 'https://via.placeholder.com/361x595/6AA/fff/?text=ICON', '2020-05-09 11:01:31'),
(55, 18, 38, -122, 'Banzi if muhvu fine bo poleleje hon po ceatedo sacgul nazin rahdektez vefcopog luitu liula.', 'https://via.placeholder.com/452x592/853/fff/?text=PHOTO', 'https://via.placeholder.com/436x588/5B5/fff/?text=ICON', '2021-12-07 17:45:20'),
(56, 2, 38, -122, 'Ronmi husiuru kocuwre puka sasupu am ta pu nez udade nedgu rigjin irireuw inje zezvotne rum.', 'https://via.placeholder.com/564x351/B97/fff/?text=PHOTO', 'https://via.placeholder.com/565x403/588/fff/?text=ICON', '2020-04-05 01:38:09'),
(57, 24, 37, -122, 'Si himda ravrak tit zi civ wulow ido volpo ceguk nu hu li nu do ne divesa abej.', 'https://via.placeholder.com/555x377/955/fff/?text=PHOTO', 'https://via.placeholder.com/468x548/63A/fff/?text=ICON', '2022-09-19 19:53:40'),
(58, 50, 38, -122, 'Re kuvun al sek luhiwnac hente tup tawifuseg ajlet be lijiog dupaz dafifoz ujukensa cowa.', 'https://via.placeholder.com/559x423/757/fff/?text=PHOTO', 'https://via.placeholder.com/408x521/7B3/fff/?text=ICON', '2020-10-05 04:29:13'),
(59, 20, 38, -122, 'We fivkatpur pi nauh micakor do jiwgoih ewocre busidaj jinetod de upvez etuibezo za jehi mi masu tominuh.', 'https://via.placeholder.com/394x555/795/fff/?text=PHOTO', 'https://via.placeholder.com/519x536/897/fff/?text=ICON', '2021-12-11 02:21:48'),
(60, 2, 38, -122, 'Pote gimik gukom niwis pedjo imjiznej cuutoca mig hiuja kictu matponvid cavaniw ed da.', 'https://via.placeholder.com/389x573/9A7/fff/?text=PHOTO', 'https://via.placeholder.com/352x401/6B4/fff/?text=ICON', '2020-05-09 06:00:40'),
(61, 30, 37, -122, 'Dewo upe wacudah iswawi ewlepi kof geg dac ise mita we bubohan jo pilijge bokpefa napvocagu wug.', 'https://via.placeholder.com/554x587/469/fff/?text=PHOTO', 'https://via.placeholder.com/444x576/449/fff/?text=ICON', '2022-04-13 05:08:35'),
(62, 36, 37, -122, 'Motesuf pamkav wenaru upotuner iske fafhebvo bos uroak ej dupmu kabca ojeso boeluzo jo kufwaafu sereid dunabo or.', 'https://via.placeholder.com/482x455/4BB/fff/?text=PHOTO', 'https://via.placeholder.com/391x558/638/fff/?text=ICON', '2020-08-10 17:11:45'),
(63, 37, 37, -122, 'Cili nole jaffagco adfefu tum ce nek ipceve das arel gi lejdo rasowe cahga beh.', 'https://via.placeholder.com/499x355/9A8/fff/?text=PHOTO', 'https://via.placeholder.com/476x526/347/fff/?text=ICON', '2020-01-23 20:42:43'),
(64, 17, 38, -122, 'Cu ge wig vil jo ho baw lew ig keflekpom meg ciih ep naz to.', 'https://via.placeholder.com/546x450/654/fff/?text=PHOTO', 'https://via.placeholder.com/499x362/787/fff/?text=ICON', '2021-07-07 12:20:55'),
(65, 5, 37, -122, 'Gezu gopfe pep po uz nikepaf hujdenib rohe hejka ra tar do awjuel hus lejun vuzo odela.', 'https://via.placeholder.com/527x367/587/fff/?text=PHOTO', 'https://via.placeholder.com/519x575/5B4/fff/?text=ICON', '2020-07-31 01:16:00'),
(66, 43, 38, -122, 'Gi atnubag ewoki ejgazoto sitah kun tigfoj gigkovaj binarem icocip esa zob gawjehol.', 'https://via.placeholder.com/585x366/934/fff/?text=PHOTO', 'https://via.placeholder.com/399x434/545/fff/?text=ICON', '2022-10-27 21:34:56'),
(67, 32, 38, -122, 'Kekka ati riclefje hus jaepdok tew wof daimwi hubdavsam mokle sumijvap mica cipwak raznab.', 'https://via.placeholder.com/439x423/A65/fff/?text=PHOTO', 'https://via.placeholder.com/485x481/99A/fff/?text=ICON', '2022-03-07 06:35:56'),
(68, 15, 38, -122, 'Up nucob hesehbe mul febifa nasi rigare nahbuwjo weakbi asodweh fengo esre ukujilliz lodawfu zisepzuz kiglaj as.', 'https://via.placeholder.com/373x580/B4A/fff/?text=PHOTO', 'https://via.placeholder.com/565x485/8B7/fff/?text=ICON', '2021-06-11 06:48:53'),
(69, 24, 37, -122, 'Cuac agosebde okudeka wi zimu pez pithaddul pu cahus kofvu dojmu ebkuuha um ifeokurer tacudi.', 'https://via.placeholder.com/453x591/9A5/fff/?text=PHOTO', 'https://via.placeholder.com/482x594/95B/fff/?text=ICON', '2022-01-27 20:26:09'),
(70, 40, 37, -122, 'Taltuhu agpuk vubrim jesvituw nam ge ikwu orjo kejhom oc lisagum cilenwi uhiji dib daazroz zofa tonlifen bopuprab.', 'https://via.placeholder.com/447x553/883/fff/?text=PHOTO', 'https://via.placeholder.com/449x412/A36/fff/?text=ICON', '2020-06-04 02:58:53'),
(71, 41, 37, -122, 'Satuh ahev jo udo moc alalap ji osohof ed tesacme wocivjo umore fe za ufeva iguinlon ajabah.', 'https://via.placeholder.com/474x560/86B/fff/?text=PHOTO', 'https://via.placeholder.com/420x566/35B/fff/?text=ICON', '2020-07-25 13:15:33'),
(72, 14, 37, -122, 'Aca ti gantaz tivomnu punle pogke ibavapama ba asgok ku bemazmot wozsev kez asuso fidte ronmagmik.', 'https://via.placeholder.com/368x509/848/fff/?text=PHOTO', 'https://via.placeholder.com/473x552/5B8/fff/?text=ICON', '2020-04-28 21:35:14'),
(73, 17, 37, -122, 'Suc az jawhuk ho ahna kaceb hed umtuif maduj gel bug ha zaak.', 'https://via.placeholder.com/411x506/BA3/fff/?text=PHOTO', 'https://via.placeholder.com/514x472/56A/fff/?text=ICON', '2020-03-04 14:44:48'),
(74, 35, 38, -122, 'Ablaksa nagmeov ju fosgoke kef ji bifjovvo takto kav nileh fo docorva jizbik oti.', 'https://via.placeholder.com/393x428/B84/fff/?text=PHOTO', 'https://via.placeholder.com/456x427/B36/fff/?text=ICON', '2022-11-07 08:30:53'),
(75, 7, 38, -122, 'Sausodi wiwatzit ifelet buoho zu vetrirme jiva lolvet lusa gestize gojidseg anwutop nead vowudof rap ra fijcude.', 'https://via.placeholder.com/432x518/A88/fff/?text=PHOTO', 'https://via.placeholder.com/456x419/599/fff/?text=ICON', '2022-09-01 08:20:31'),
(76, 33, 37, -122, 'Vuhepvi purtojoh wozho reami ceehesam dupehosi elbato tij wab temdeh fuk ojimaso fajzoji zol wi setefde.', 'https://via.placeholder.com/418x466/AA6/fff/?text=PHOTO', 'https://via.placeholder.com/523x408/897/fff/?text=ICON', '2022-01-21 11:19:05'),
(77, 38, 37, -122, 'Ejrir nuk ma vejbumkuz fodes iceecjaz pucdal fabillo noc bunew vu bunfejed vorhuswu pumesuel poopizo ewu kinbetuzo jupud.', 'https://via.placeholder.com/357x556/68B/fff/?text=PHOTO', 'https://via.placeholder.com/441x401/BAA/fff/?text=ICON', '2020-01-23 18:44:22'),
(78, 32, 37, -122, 'Hu dapatrej piin cu kad cufalwen ofe makaste mulvosfa wunut wojtir ecnaroz elmaban sadfom ehozo hogal vakucige dadvuttog.', 'https://via.placeholder.com/567x369/3BB/fff/?text=PHOTO', 'https://via.placeholder.com/511x527/A75/fff/?text=ICON', '2020-01-08 06:53:29'),
(79, 20, 38, -122, 'Utfaheg dihekoca mewlaz ne mufe dek hoceik mil lafwinoj jiculim doze nas ritusid faski os.', 'https://via.placeholder.com/565x526/493/fff/?text=PHOTO', 'https://via.placeholder.com/393x429/989/fff/?text=ICON', '2020-05-16 05:40:52'),
(80, 22, 37, -122, 'Kehcip ew lahtalwad gor joeja rakpib nontoz ja bapep susicego ju cekjigo arijsa pa vafwo bupavdus mero rir.', 'https://via.placeholder.com/569x403/5AA/fff/?text=PHOTO', 'https://via.placeholder.com/504x571/437/fff/?text=ICON', '2020-09-11 11:08:53'),
(81, 44, 38, -122, 'Purufo rav rorij michi jenilce poalu lepic wa nablivi ujri ve wis had tu.', 'https://via.placeholder.com/444x579/37A/fff/?text=PHOTO', 'https://via.placeholder.com/401x492/B79/fff/?text=ICON', '2022-08-22 06:07:57'),
(82, 11, 38, -122, 'Duccu obe ohowi jozvisug motulec zod ma atwame ce gonuj tez uz tez jeb bezuf don nol sapzov.', 'https://via.placeholder.com/573x549/958/fff/?text=PHOTO', 'https://via.placeholder.com/390x573/764/fff/?text=ICON', '2022-06-14 14:05:39'),
(83, 36, 37, -122, 'Si vogep harcaezo lucikuv zem galun fum viju ubicu je coirce pogfoaj.', 'https://via.placeholder.com/427x600/585/fff/?text=PHOTO', 'https://via.placeholder.com/570x517/844/fff/?text=ICON', '2020-04-10 21:33:21'),
(84, 48, 38, -122, 'Awoamazi voasho binuho zeepig wif gilevum no zuta tobogsiw novat dedazli jorudu.', 'https://via.placeholder.com/537x513/B35/fff/?text=PHOTO', 'https://via.placeholder.com/354x465/8A9/fff/?text=ICON', '2020-02-28 08:55:24'),
(85, 36, 38, -122, 'Bik udipabes amorazuc ruv puojni luozulo boj bu nahasuk pacephiw to iravih amubija.', 'https://via.placeholder.com/542x490/756/fff/?text=PHOTO', 'https://via.placeholder.com/436x474/85A/fff/?text=ICON', '2021-10-08 06:17:42'),
(86, 37, 38, -122, 'Nuze vum zebip dufbep ni hitjebik sur vacjof emwato ku cev op ca.', 'https://via.placeholder.com/532x422/6A6/fff/?text=PHOTO', 'https://via.placeholder.com/414x377/348/fff/?text=ICON', '2020-02-05 07:05:06'),
(87, 48, 38, -122, 'Noho bugode kigbe ri va tijmis wirkozi hodsawum pi kesog ercof ha.', 'https://via.placeholder.com/469x544/B75/fff/?text=PHOTO', 'https://via.placeholder.com/419x392/9A9/fff/?text=ICON', '2020-08-17 16:21:54'),
(88, 27, 37, -122, 'Je ducmi nimhit suvnelas totizi ga virjo dof wuta onfuz hosofuv pu ul gag.', 'https://via.placeholder.com/569x367/38B/fff/?text=PHOTO', 'https://via.placeholder.com/569x562/778/fff/?text=ICON', '2021-03-08 08:22:46'),
(89, 22, 37, -122, 'Vojhan dubudmur sipmacu pike ibet lurak toz porsefhoh zigon najrasuna hijun ma gamtommi wize tehon.', 'https://via.placeholder.com/554x460/468/fff/?text=PHOTO', 'https://via.placeholder.com/446x565/499/fff/?text=ICON', '2020-06-13 03:19:53'),
(90, 44, 38, -122, 'Ikaoso ortood kej cona ho mo sijrem alagep ne ep riopo is.', 'https://via.placeholder.com/555x469/3B9/fff/?text=PHOTO', 'https://via.placeholder.com/350x411/5B4/fff/?text=ICON', '2022-05-19 04:48:45'),
(91, 26, 37, -122, 'Uni hedu god un ufiduj uj ibule dosroh bacjaj joni bes pisge fam fic puplawro dif mimwev zomgag.', 'https://via.placeholder.com/397x427/56B/fff/?text=PHOTO', 'https://via.placeholder.com/484x404/33A/fff/?text=ICON', '2020-10-10 15:12:10'),
(92, 21, 37, -122, 'Rareoku hufvi ri ersa sewpobham ecpeta zef civ pa hamjeri ruumgo ihepu kanecre.', 'https://via.placeholder.com/459x463/857/fff/?text=PHOTO', 'https://via.placeholder.com/465x421/77A/fff/?text=ICON', '2021-08-20 17:52:06'),
(93, 44, 37, -122, 'Mehuzwa ovolizeg edirale ta su zidano pef idu og aboz vuhve tugibrew cuwe.', 'https://via.placeholder.com/445x350/57A/fff/?text=PHOTO', 'https://via.placeholder.com/574x421/475/fff/?text=ICON', '2020-02-21 08:26:57'),
(94, 37, 37, -122, 'Cafpev fetzob vuahaij bipbe nutuliim rabkergom pav bapwes vuzac ossicem tec aceogawab vaul.', 'https://via.placeholder.com/495x541/435/fff/?text=PHOTO', 'https://via.placeholder.com/402x517/498/fff/?text=ICON', '2022-05-19 23:17:56'),
(95, 10, 37, -122, 'Ta vor cizosgif mepor av ofo rut heakfi zo lileh ujewir tecdes pot toccic jica.', 'https://via.placeholder.com/371x496/547/fff/?text=PHOTO', 'https://via.placeholder.com/374x450/8BA/fff/?text=ICON', '2021-05-31 23:06:29'),
(96, 49, 37, -122, 'Cubim pelli fusdag caw goztuvu hah imofebme nephufdar dog dij rokkibe vojo za ebca es nu.', 'https://via.placeholder.com/381x438/459/fff/?text=PHOTO', 'https://via.placeholder.com/423x588/A84/fff/?text=ICON', '2020-06-23 17:30:42'),
(97, 34, 38, -122, 'Dotguhpu sefasiv rebecriw kak pepagaj ga uvzic fo wogan juwor anila re bovnala ihoro gurtiza idago.', 'https://via.placeholder.com/431x591/A98/fff/?text=PHOTO', 'https://via.placeholder.com/435x520/A34/fff/?text=ICON', '2022-09-04 15:32:01'),
(98, 13, 38, -122, 'Eh azu jaagiojo lekkewe bo zinibelid fucgu ba fukros jafekut ezi kove ahagusoc vedon muz fapowjuj tiuw pecso.', 'https://via.placeholder.com/406x490/378/fff/?text=PHOTO', 'https://via.placeholder.com/497x525/BAA/fff/?text=ICON', '2021-09-30 14:44:44'),
(99, 27, 37, -122, 'Fomehow aheapi nuplim opetades pizan kepuv rilweno vazho hivep we tibaohi piv mulfukih ubragot.', 'https://via.placeholder.com/593x450/93B/fff/?text=PHOTO', 'https://via.placeholder.com/352x538/5B5/fff/?text=ICON', '2022-07-02 04:42:26'),
(100, 20, 38, -122, 'Ocoziaf pewuc ogini des ke opi et diuhe ceb habu va tiodo jacu olehisak.', 'https://via.placeholder.com/587x539/4B5/fff/?text=PHOTO', 'https://via.placeholder.com/441x565/977/fff/?text=ICON', '2021-04-06 03:42:09'),
(101, 15, 37, -122, 'Nog esrusur tujaeh epke zupi cok kiajpe rohen hediibo eduzu naoja zugfagi.', 'https://via.placeholder.com/362x585/A43/fff/?text=PHOTO', 'https://via.placeholder.com/544x383/743/fff/?text=ICON', '2022-08-16 09:34:11'),
(102, 22, 37, -122, 'Rotmiatu luf utadotap rifu zekum we tonurez ri seh pa oheilivil jufabja gatni woge cekbawawe evusizuj hu.', 'https://via.placeholder.com/353x531/8A7/fff/?text=PHOTO', 'https://via.placeholder.com/539x362/4BB/fff/?text=ICON', '2021-08-30 05:49:30'),
(103, 14, 37, -122, 'Naspamnij vaot ama guafitod tovwismuh tob lac tuwidoh wemroj jurat naporha ulupej tu hoffewel giriz puziclu tu.', 'https://via.placeholder.com/594x406/356/fff/?text=PHOTO', 'https://via.placeholder.com/487x508/4B7/fff/?text=ICON', '2021-05-13 20:43:29'),
(104, 29, 37, -122, 'Ijoko ac huudu heduwwip curokhu kef pula gapin zepozi aguliwgav wialzob iv is.', 'https://via.placeholder.com/360x447/B69/fff/?text=PHOTO', 'https://via.placeholder.com/421x355/48B/fff/?text=ICON', '2020-07-15 01:00:03'),
(105, 39, 37, -122, 'Ubehat hifwitok owuw zuvzopaf pubzimos ome rebhic dema jumiw num lozap gi.', 'https://via.placeholder.com/558x411/3AB/fff/?text=PHOTO', 'https://via.placeholder.com/380x580/574/fff/?text=ICON', '2021-05-18 04:06:57'),
(106, 24, 38, -122, 'De jaemjev digle nuchirmog kug parotlo ju in vu solduhiv at amlac dop we fijugca wewomto bibo.', 'https://via.placeholder.com/577x378/733/fff/?text=PHOTO', 'https://via.placeholder.com/395x582/ABA/fff/?text=ICON', '2022-07-08 16:00:46'),
(107, 50, 38, -122, 'Ubjimbah we lanvowwak hog kijked mi vuwenu esmozju us onle facsa jod.', 'https://via.placeholder.com/504x357/554/fff/?text=PHOTO', 'https://via.placeholder.com/426x600/35B/fff/?text=ICON', '2022-10-23 04:57:42'),
(108, 42, 38, -122, 'Ta orimog tohavfuc woccuf oroho mojede toknoene diwak sik afe ovufufsud kigato ruruv pararo si wosat apicoz pepre.', 'https://via.placeholder.com/369x548/67A/fff/?text=PHOTO', 'https://via.placeholder.com/576x393/4BB/fff/?text=ICON', '2020-01-22 07:00:41'),
(109, 27, 38, -122, 'Wij sajizud matuw sicowas diftul fotvaz detez ranijori jedeku bogacus buwwac cemolhi jobmotod owo fonli.', 'https://via.placeholder.com/394x592/A83/fff/?text=PHOTO', 'https://via.placeholder.com/564x560/64B/fff/?text=ICON', '2020-11-01 19:03:31'),
(110, 34, 37, -122, 'Wa hoforov av nilvupsul cepi wuje pacipes ju edusanofa oglev maigotak hakiiwi ba hu vew ujutakip reduja macor.', 'https://via.placeholder.com/589x413/9BA/fff/?text=PHOTO', 'https://via.placeholder.com/541x589/69B/fff/?text=ICON', '2021-07-07 07:27:17'),
(111, 27, 38, -122, 'Je kutdef marpobil ohanobwi gil pifneftot giceesa rok du gupgotpoc ri nesamlub.', 'https://via.placeholder.com/521x352/A83/fff/?text=PHOTO', 'https://via.placeholder.com/444x569/A68/fff/?text=ICON', '2022-08-30 04:53:51'),
(112, 7, 37, -122, 'Ufijaura vibuisu mec ucugah utuka niz vi diwbu itlofzir piv zibtolzo obicuse.', 'https://via.placeholder.com/512x592/38A/fff/?text=PHOTO', 'https://via.placeholder.com/591x488/89A/fff/?text=ICON', '2021-03-15 18:18:43'),
(113, 25, 37, -122, 'Bu vav web codkap etu vefumihih dep ocjoz rabcat gi vibbe faabu aka nom nekiafe anmodta.', 'https://via.placeholder.com/464x496/686/fff/?text=PHOTO', 'https://via.placeholder.com/470x579/943/fff/?text=ICON', '2021-09-05 12:08:12'),
(114, 8, 38, -122, 'Afe remgal volugufa ka nezic vas mojfilcub reowe ihta powmos bukerma he deufhim.', 'https://via.placeholder.com/406x502/943/fff/?text=PHOTO', 'https://via.placeholder.com/524x476/658/fff/?text=ICON', '2022-03-22 12:47:28'),
(115, 9, 38, -122, 'Fuiw lejbaja vacahvi pisme mamgolefo decib sa cev go koori angeh uwauc okhi levdu.', 'https://via.placeholder.com/438x598/45A/fff/?text=PHOTO', 'https://via.placeholder.com/427x355/B96/fff/?text=ICON', '2020-04-14 10:31:02'),
(116, 2, 38, -122, 'Eziforsi zirtobiv nice re usinafum lebok bo lomew heji wencit nu ucu av hahfuweb fin.', 'https://via.placeholder.com/397x507/884/fff/?text=PHOTO', 'https://via.placeholder.com/464x488/48B/fff/?text=ICON', '2021-09-07 11:09:42'),
(117, 6, 38, -122, 'Li gecjodeg cotavno ru hadel ezfu go if wej zuzommen bamfanwa cigen baow ma ze ufonac dil puilocos.', 'https://via.placeholder.com/479x405/433/fff/?text=PHOTO', 'https://via.placeholder.com/556x548/56A/fff/?text=ICON', '2020-07-24 05:44:12'),
(118, 3, 37, -122, 'Kejsi lu ceje artud ucevismik la emewu gepzakpu ben dicelun gere dakeec ajaopi zehucig zuvokgul.', 'https://via.placeholder.com/577x516/859/fff/?text=PHOTO', 'https://via.placeholder.com/381x545/786/fff/?text=ICON', '2022-09-04 21:45:00'),
(119, 21, 38, -122, 'Mo sunvo nudnisac guhuf ki folobvap jabid ipadul hadumke tufka vat lafjudla je vahir giesutuh fo.', 'https://via.placeholder.com/448x577/BB6/fff/?text=PHOTO', 'https://via.placeholder.com/390x493/433/fff/?text=ICON', '2021-09-02 00:01:58'),
(120, 4, 37, -122, 'Henpod mebezpo dacbizmu siwvopdo kas babu lica bogotca cobabmut zu aceteece vousiaf wepwunu umi kiasdi.', 'https://via.placeholder.com/492x453/399/fff/?text=PHOTO', 'https://via.placeholder.com/424x428/584/fff/?text=ICON', '2022-01-02 14:46:01'),
(121, 19, 37, -122, 'Deje fufku kotar zanuto tipopfi ver galo evede go hutgu co ihitav tuzjewgep sovi ammokiro zu ehiekupi.', 'https://via.placeholder.com/545x507/A65/fff/?text=PHOTO', 'https://via.placeholder.com/431x542/553/fff/?text=ICON', '2022-05-27 09:20:49'),
(122, 7, 37, -122, 'Hef nodvebzi akeko hem ewzeha lufeku eliseppu homokwe sunitup biw we aweciwta uwa vokuzi te vizif.', 'https://via.placeholder.com/377x366/665/fff/?text=PHOTO', 'https://via.placeholder.com/357x445/BBB/fff/?text=ICON', '2021-06-23 04:19:39'),
(123, 25, 38, -122, 'Pated nic jirov it ruabitot to sartob hohbuavo ju jote idodozji boanirum po nu pumibi.', 'https://via.placeholder.com/576x480/A55/fff/?text=PHOTO', 'https://via.placeholder.com/365x580/7B8/fff/?text=ICON', '2022-09-08 19:56:27'),
(124, 48, 37, -122, 'Ni vit iwota dah sokpahe susil zow beiki upegej de ojosejzam gocguggi fi ficwiwib ken pakgu tajmenud.', 'https://via.placeholder.com/367x588/69B/fff/?text=PHOTO', 'https://via.placeholder.com/363x568/478/fff/?text=ICON', '2020-08-15 22:21:46'),
(125, 29, 37, -122, 'Gad eni edivi asoze wotut cebdopo dekekvil sopapi ci igo cove hab hijjicpe rukacew.', 'https://via.placeholder.com/543x404/B45/fff/?text=PHOTO', 'https://via.placeholder.com/530x563/333/fff/?text=ICON', '2022-01-20 15:55:34'),
(126, 19, 37, -122, 'Wav koudni birva ebmuni zaglose he azjo afnoh ugi motaw so cahihave ga amiena za.', 'https://via.placeholder.com/416x584/B48/fff/?text=PHOTO', 'https://via.placeholder.com/458x393/A85/fff/?text=ICON', '2021-10-20 10:42:34'),
(127, 13, 37, -122, 'Ru kufucle sip wu pi izajigid ifemazbo uvfam lig dag ohuheh pa zajojle.', 'https://via.placeholder.com/529x517/544/fff/?text=PHOTO', 'https://via.placeholder.com/519x427/A65/fff/?text=ICON', '2021-07-04 15:21:15'),
(128, 48, 37, -122, 'Murooj hug fejmugo go efohugnub kuzov usozoka eberosa pi borfitad ki afaru.', 'https://via.placeholder.com/589x475/4A6/fff/?text=PHOTO', 'https://via.placeholder.com/359x491/3B3/fff/?text=ICON', '2021-02-11 00:00:04'),
(129, 34, 37, -122, 'Ic biijen tubofok koar ipemce laiwu acrozno zuncopca pinboepa gupo fampugupe es caj.', 'https://via.placeholder.com/599x541/559/fff/?text=PHOTO', 'https://via.placeholder.com/577x550/498/fff/?text=ICON', '2021-08-20 12:45:15'),
(130, 48, 37, -122, 'Hirilnez he kup ro vin jew suvmuka gohet vogvu tu uzopadgig rum.', 'https://via.placeholder.com/548x450/A99/fff/?text=PHOTO', 'https://via.placeholder.com/500x457/A5A/fff/?text=ICON', '2020-12-29 11:54:18'),
(131, 14, 37, -122, 'Kakewi onar esif aromuluc in zoapga tofviepa orilo vim milizaz repoh ic.', 'https://via.placeholder.com/368x447/464/fff/?text=PHOTO', 'https://via.placeholder.com/369x362/684/fff/?text=ICON', '2022-03-05 07:55:00'),
(132, 44, 37, -122, 'Kud kap vugunri gacokse on vesuz ra nizfut jakogikes mak dulfadab ohi hehfet.', 'https://via.placeholder.com/565x578/5A9/fff/?text=PHOTO', 'https://via.placeholder.com/422x546/BA9/fff/?text=ICON', '2021-04-07 22:14:03'),
(133, 25, 37, -122, 'Der dorku guhiigu ta una kivzup avum ucazer pitufil sar zibmivu jegcik rimeut biforemi eb.', 'https://via.placeholder.com/584x416/95B/fff/?text=PHOTO', 'https://via.placeholder.com/376x520/BB9/fff/?text=ICON', '2021-10-25 18:56:54'),
(134, 38, 37, -122, 'Ucposlik pezofene fesiheh lun mejsefi jijjaved cutmiki kucazulif epuda utimait zirbu marjewceb woate saheme il mig wijupeage eg.', 'https://via.placeholder.com/353x573/4A3/fff/?text=PHOTO', 'https://via.placeholder.com/419x355/875/fff/?text=ICON', '2022-09-12 00:59:28'),
(135, 18, 38, -122, 'Egacecli vibutipog pehi noob onve do asosic izkel do teaboar rizako piwi modgicez wopuse ec womnafji zo ficpownub.', 'https://via.placeholder.com/391x443/346/fff/?text=PHOTO', 'https://via.placeholder.com/515x421/768/fff/?text=ICON', '2022-09-21 12:07:09'),
(136, 38, 37, -122, 'Ba cekapuje gefdus dol avvephog ipubaljip vowzewoc pihizit be torit cedop navave penate akle omelo fiwe.', 'https://via.placeholder.com/579x500/485/fff/?text=PHOTO', 'https://via.placeholder.com/440x510/837/fff/?text=ICON', '2022-02-11 17:12:02'),
(137, 47, 38, -122, 'Awvad fov in hut ba mu pa luklosro sodtuhzi gujipi murooto wanna lolwag towmib.', 'https://via.placeholder.com/437x544/66A/fff/?text=PHOTO', 'https://via.placeholder.com/355x481/B3B/fff/?text=ICON', '2020-07-02 10:39:54'),
(138, 39, 37, -122, 'Du fe edumat lipref zez solni sefaw uf podo ukahi vuz ar riw rin adade wekbuaki hejuwru nubzit.', 'https://via.placeholder.com/580x549/A54/fff/?text=PHOTO', 'https://via.placeholder.com/480x493/935/fff/?text=ICON', '2020-01-22 19:59:18'),
(139, 7, 37, -122, 'Wogwu puzposnu puk rosfegul fu kol caj ru cemzi ittew kuoma caj gu lih da namlu.', 'https://via.placeholder.com/521x416/B45/fff/?text=PHOTO', 'https://via.placeholder.com/548x519/7BB/fff/?text=ICON', '2020-11-05 18:54:02'),
(140, 42, 38, -122, 'Inficdes vajli otazu tevfika evur mefenzuc ad emuju foijafo loheoca je ki sogoloidu nentow zoun gu la vekoji.', 'https://via.placeholder.com/411x597/864/fff/?text=PHOTO', 'https://via.placeholder.com/408x525/A7B/fff/?text=ICON', '2022-08-19 21:38:30'),
(141, 32, 37, -122, 'Nez ag ga ha lu luec zomdawfu hek raavune nal orapikti horrihcan renruel fuv.', 'https://via.placeholder.com/556x397/88A/fff/?text=PHOTO', 'https://via.placeholder.com/445x573/343/fff/?text=ICON', '2020-09-25 18:11:44'),
(142, 21, 38, -122, 'Uhih sawdecfig gufetrob dotla sum cafodeko ufne liwnidof du owgu nu fu vo vibavne re li biamwiw.', 'https://via.placeholder.com/580x565/5A5/fff/?text=PHOTO', 'https://via.placeholder.com/467x356/7A5/fff/?text=ICON', '2020-03-01 05:25:00'),
(143, 35, 38, -122, 'Se billu fe je ke hijap beficew tewsohso ar ut su woipugu akocuem hitlisod ino ig.', 'https://via.placeholder.com/576x583/657/fff/?text=PHOTO', 'https://via.placeholder.com/471x555/336/fff/?text=ICON', '2022-06-22 04:14:34'),
(144, 1, 37, -122, 'Jijvub pefoltar luvu je kokafa iketogot nurutwod rizvug ejufi hegdeldu izudawej cutko icifodbew.', 'https://via.placeholder.com/445x374/936/fff/?text=PHOTO', 'https://via.placeholder.com/435x486/ABB/fff/?text=ICON', '2021-12-25 10:29:54'),
(145, 20, 38, -122, 'Guekime ruho pascam dogur oboveadi imacomab nu zo arnonzi ibcofus ro bus wat noopvi je.', 'https://via.placeholder.com/383x587/A3B/fff/?text=PHOTO', 'https://via.placeholder.com/483x474/387/fff/?text=ICON', '2020-05-26 19:22:25'),
(146, 9, 38, -122, 'Tuwjuci wo rugildit dad halvu uk cazo nu uriwac vito seh omti zugep hi.', 'https://via.placeholder.com/572x595/43A/fff/?text=PHOTO', 'https://via.placeholder.com/551x553/899/fff/?text=ICON', '2020-09-27 20:58:35'),
(147, 32, 38, -122, 'Vu nuuto jonfa sazit fu zorototu oga gaz ca fevki zikazde up lutdek lebezlaf loh gas jithesok mek.', 'https://via.placeholder.com/581x535/86B/fff/?text=PHOTO', 'https://via.placeholder.com/587x447/AB8/fff/?text=ICON', '2020-12-08 04:59:22'),
(148, 5, 38, -122, 'Emmogeb digbuc ucwucah pep faskih helim hubpijup kugezoop pibdebuv dofatta ze fil ko.', 'https://via.placeholder.com/365x537/5A8/fff/?text=PHOTO', 'https://via.placeholder.com/475x571/A4A/fff/?text=ICON', '2022-03-23 18:34:54'),
(149, 12, 37, -122, 'Ko irifebur tere immofip ka ud apiruafe rojut zo solhopop gibjowla cu ahgeinu keksihud gu tegezsa.', 'https://via.placeholder.com/451x557/65B/fff/?text=PHOTO', 'https://via.placeholder.com/407x454/35A/fff/?text=ICON', '2022-04-24 04:48:20'),
(150, 6, 38, -122, 'Ic jiwag gizucoija muh ul tefigtaj tefegel kut vo soviva wiafu zin jizilves evgut giris ma.', 'https://via.placeholder.com/414x372/878/fff/?text=PHOTO', 'https://via.placeholder.com/359x586/3B7/fff/?text=ICON', '2020-07-26 14:03:05'),
(151, 13, 37, -122, 'Fe sapabe sin rikih rossi somrubkov fufafu juj mal zanbi ruhtere ihafa puteb redlekmuz de hizalig kam igicu.', 'https://via.placeholder.com/388x570/934/fff/?text=PHOTO', 'https://via.placeholder.com/576x426/B96/fff/?text=ICON', '2020-04-14 17:24:10'),
(152, 25, 38, -122, 'Aldi rawsodawu viazo gowa ajasowoju mavuja niwubteg ajurena wudar ju eke erruzki ib geg.', 'https://via.placeholder.com/387x571/538/fff/?text=PHOTO', 'https://via.placeholder.com/378x582/B49/fff/?text=ICON', '2020-06-09 05:27:19'),
(153, 7, 37, -122, 'Vo vi diehusor kehebo sa wa ugirun nofijij obsobni dog kargo ek macroc muufje efe wampir.', 'https://via.placeholder.com/453x366/BA4/fff/?text=PHOTO', 'https://via.placeholder.com/431x360/B59/fff/?text=ICON', '2021-03-07 02:12:58'),
(154, 27, 37, -122, 'Cewdupjag hinirpo piun le negpeso dijru fi et fo itocu wofoze vib tejnur.', 'https://via.placeholder.com/560x392/583/fff/?text=PHOTO', 'https://via.placeholder.com/421x500/586/fff/?text=ICON', '2022-02-07 05:22:16'),
(155, 41, 38, -122, 'Lobtoama ejjodog zij degbiluh ilecemisu morvewuc bokre gawi wivgueb wewdeveb balejiha ve icituvvi nuweop an zeg.', 'https://via.placeholder.com/479x406/A5B/fff/?text=PHOTO', 'https://via.placeholder.com/578x515/358/fff/?text=ICON', '2022-02-24 01:06:19'),
(156, 16, 38, -122, 'Atpol ocoru mupacha upcedni ruca hiabpac jomo ukhavnok ilsodloz udojar zajo nirjor ago kecavi gofura logazgar zujlemav ebada.', 'https://via.placeholder.com/442x572/575/fff/?text=PHOTO', 'https://via.placeholder.com/537x473/967/fff/?text=ICON', '2020-01-13 03:23:58'),
(157, 35, 37, -122, 'Bogsepi gud icecawpol jit fijiz kif ka rovsibbot us bukip lo wugfug pon hapdapdip fuvefmez zokkajwo.', 'https://via.placeholder.com/565x458/959/fff/?text=PHOTO', 'https://via.placeholder.com/437x389/354/fff/?text=ICON', '2021-11-24 14:41:20'),
(158, 1, 37, -122, 'Ruta tizdanwo sokjurvi he tansiw cuhen pehacod av dadbebkul pepwe vef mufi wakda feluli uwo asevu.', 'https://via.placeholder.com/497x435/453/fff/?text=PHOTO', 'https://via.placeholder.com/552x572/849/fff/?text=ICON', '2021-07-20 04:03:07'),
(159, 10, 37, -122, 'Mewdad udi kusurde nimlav cobuv le vaddi omumocfu tukjo vazewaji vij pibogu cemrufud detig.', 'https://via.placeholder.com/386x472/A63/fff/?text=PHOTO', 'https://via.placeholder.com/553x393/377/fff/?text=ICON', '2021-05-20 08:17:31'),
(160, 3, 37, -122, 'Bubig nuc ufmid ze zeg riot no ippah ejucesi omre kajtekej wig ivig kosason iwi banligu fic.', 'https://via.placeholder.com/509x523/397/fff/?text=PHOTO', 'https://via.placeholder.com/477x412/688/fff/?text=ICON', '2022-09-11 03:18:28'),
(161, 19, 37, -122, 'Te wuwrowlul enesuk zudpu ekoed zaud ufu dejkufvu zis cecmup if hetef mudaz wabej se umulopo uti.', 'https://via.placeholder.com/517x465/979/fff/?text=PHOTO', 'https://via.placeholder.com/417x364/AA7/fff/?text=ICON', '2020-08-24 07:37:03'),
(162, 49, 38, -122, 'Sael apukoc jodurho dododzis bohigse vimew bulda piwva at ate capvujop uvukomwi jawinra ke sicaz wi awojav lilu.', 'https://via.placeholder.com/513x446/845/fff/?text=PHOTO', 'https://via.placeholder.com/571x537/495/fff/?text=ICON', '2021-09-22 23:13:50'),
(163, 6, 37, -122, 'Ok gollahici jigmaag asduku omo sadviri bolinna far nov coz nemodonu hiet kifcite buwibu zuohkuw rozuk gaco.', 'https://via.placeholder.com/460x490/7A5/fff/?text=PHOTO', 'https://via.placeholder.com/497x486/B43/fff/?text=ICON', '2020-12-08 07:08:26'),
(164, 14, 38, -122, 'Hah dohaug cek kip kitcar ujruked zituv nok siscicip edi divo redivku.', 'https://via.placeholder.com/558x481/74B/fff/?text=PHOTO', 'https://via.placeholder.com/449x529/733/fff/?text=ICON', '2022-01-29 07:11:49'),
(165, 19, 37, -122, 'Buojwaj uk ge jupuze kugtak jivifbuv jomkuuto mec rertum abeopka wasirwe kuki.', 'https://via.placeholder.com/377x468/734/fff/?text=PHOTO', 'https://via.placeholder.com/501x566/78B/fff/?text=ICON', '2022-01-19 09:00:06'),
(166, 9, 37, -122, 'Sired tozovgig izasep bosrahkop anotiw zifkafmer ururto viloifa ami fazin cepvol udaze umluca dul tupipwi cajuf po cuna.', 'https://via.placeholder.com/565x419/938/fff/?text=PHOTO', 'https://via.placeholder.com/565x417/4BA/fff/?text=ICON', '2020-06-13 20:03:49'),
(167, 6, 37, -122, 'Damfohu woliv gew pikir rebnufbo onuhoasa fisgopo toc lovgan alwam bakhucop ico il maged kis fulop irotu weevo.', 'https://via.placeholder.com/503x431/946/fff/?text=PHOTO', 'https://via.placeholder.com/571x394/393/fff/?text=ICON', '2021-09-25 16:12:12'),
(168, 32, 38, -122, 'Zohevi fe di begder puv fukramic cac ako vaibi waka esma lalzu su dukmop dejpiasu gigdumi voc.', 'https://via.placeholder.com/435x595/7B4/fff/?text=PHOTO', 'https://via.placeholder.com/467x564/B36/fff/?text=ICON', '2022-05-06 01:04:59'),
(169, 11, 37, -122, 'Miwbedo kaojuzo sibpabni gam wodicso galef dekuzo jo zeut izi okgatim kicowa enu rubpig vumutmeh arroelo.', 'https://via.placeholder.com/570x547/399/fff/?text=PHOTO', 'https://via.placeholder.com/402x453/968/fff/?text=ICON', '2021-09-14 13:05:32'),
(170, 29, 38, -122, 'Ja do paz wula pimuptu lo miawo cibwoef ji luvotzu oljar ebi.', 'https://via.placeholder.com/600x536/A35/fff/?text=PHOTO', 'https://via.placeholder.com/469x555/789/fff/?text=ICON', '2020-01-20 07:20:36'),
(171, 30, 38, -122, 'Pok cudkogviz de mickeb uligi se zi lu akeji wel buv sokgap gi mobej girra zoj akcaw.', 'https://via.placeholder.com/350x413/936/fff/?text=PHOTO', 'https://via.placeholder.com/588x414/67A/fff/?text=ICON', '2022-07-09 20:46:36'),
(172, 19, 37, -122, 'Za locdane ro uhobeec peb tubip masuj bafovi gewuma elzul vunnihrot vezen jav pa zuk.', 'https://via.placeholder.com/473x430/97A/fff/?text=PHOTO', 'https://via.placeholder.com/454x567/38B/fff/?text=ICON', '2020-07-03 05:00:44'),
(173, 22, 37, -122, 'Viwoso judvep cifaubo ji lagdo lakuvbo basu onu li sujhuj eg dadu na olihbe tojmasod.', 'https://via.placeholder.com/575x434/4B4/fff/?text=PHOTO', 'https://via.placeholder.com/596x492/7A6/fff/?text=ICON', '2021-11-02 09:47:24'),
(174, 47, 37, -122, 'Ka rudol kaleij cubta akiacameg ruf new gibu va met lawuk fi.', 'https://via.placeholder.com/376x377/438/fff/?text=PHOTO', 'https://via.placeholder.com/531x510/7B8/fff/?text=ICON', '2021-11-23 11:45:18'),
(175, 43, 37, -122, 'Guldomug sipvozvep famobi moskem wiirhi mejfiz weko beg nom kageb imatual kagus lurvowzu danzu gupros fitefu.', 'https://via.placeholder.com/420x457/B34/fff/?text=PHOTO', 'https://via.placeholder.com/386x504/B57/fff/?text=ICON', '2020-05-23 03:08:09'),
(176, 16, 37, -122, 'Cobatlej galmu comodaba ihukosof losnuk tos owi kuw maumope lasbijipi imobej ijlaldi oh wujud busdahja upu kozuha cilzurif.', 'https://via.placeholder.com/463x593/9B8/fff/?text=PHOTO', 'https://via.placeholder.com/371x445/B73/fff/?text=ICON', '2022-05-24 19:23:41'),
(177, 39, 38, -122, 'Cu joib we hibehu wufe fabsez naan nug hidibe romo itadevga lezoz ivi gur ciibori.', 'https://via.placeholder.com/418x353/45B/fff/?text=PHOTO', 'https://via.placeholder.com/492x522/694/fff/?text=ICON', '2022-03-16 13:36:58'),
(178, 41, 37, -122, 'Kowagab vi jalijfi neravpa ki coipi kawipjab veece taluogu ne pi ba dosbur wumib copwum dezioda lu liome.', 'https://via.placeholder.com/379x402/833/fff/?text=PHOTO', 'https://via.placeholder.com/378x483/773/fff/?text=ICON', '2022-07-05 07:57:29'),
(179, 35, 37, -122, 'Arijo ezjip lin wen wappohar su pa wu firatek wonun sujorruz huikuwed lok zevecsi epicfo egonune etitadu zofwu.', 'https://via.placeholder.com/522x506/B49/fff/?text=PHOTO', 'https://via.placeholder.com/566x408/99A/fff/?text=ICON', '2022-01-28 00:00:49'),
(180, 28, 38, -122, 'Jizajwik wuv inlasu bijimtu jo tebi juede fekbi osute nowjow se pi pu hifujmu ibziv jilubuv we.', 'https://via.placeholder.com/580x364/346/fff/?text=PHOTO', 'https://via.placeholder.com/558x355/B64/fff/?text=ICON', '2020-11-02 22:32:06'),
(181, 25, 38, -122, 'Hiw pe ezic okuif bek seguba ninnijo jodozidi ovojcav rop ubda rof vosaid tewohiv ivpabju cavfamij.', 'https://via.placeholder.com/484x482/A87/fff/?text=PHOTO', 'https://via.placeholder.com/384x390/B5A/fff/?text=ICON', '2020-08-02 03:33:33'),
(182, 22, 37, -122, 'Rag vijcimduv vemzel vaotufu egeho lu vijjev nuw wewlo ziusfe vehim uso at jub ewepofsa biamje izewobe.', 'https://via.placeholder.com/513x573/7A5/fff/?text=PHOTO', 'https://via.placeholder.com/596x536/577/fff/?text=ICON', '2021-05-20 12:17:39'),
(183, 46, 38, -122, 'Ij lep molegu juvjaali kur sewukve ezuejira niocate ifanepdaz punbulim oj zacrud cewhep acu.', 'https://via.placeholder.com/551x505/663/fff/?text=PHOTO', 'https://via.placeholder.com/432x381/38A/fff/?text=ICON', '2022-11-08 14:04:19'),
(184, 20, 37, -122, 'Tez rifu egdu cerok ceptu ucevuhfu sifmofnez vogvazeh sihadmud tuhgizman tinug motmijgo faf ir gedipe.', 'https://via.placeholder.com/474x374/3BB/fff/?text=PHOTO', 'https://via.placeholder.com/454x495/354/fff/?text=ICON', '2020-11-19 13:04:27'),
(185, 42, 37, -122, 'Pofud petlu lej ug iv abinavo zuc li ijke pe zem mah wopaado ninzi agsa.', 'https://via.placeholder.com/450x362/BAB/fff/?text=PHOTO', 'https://via.placeholder.com/442x450/3A7/fff/?text=ICON', '2022-08-28 01:47:01'),
(186, 22, 38, -122, 'Confeati iwticsof nezmo colgar ga ke lukpuppi heg iwebajevo tigko wevirog culzugtiv ud butigif ebazu.', 'https://via.placeholder.com/539x454/58B/fff/?text=PHOTO', 'https://via.placeholder.com/372x504/B58/fff/?text=ICON', '2020-03-17 02:21:20'),
(187, 29, 38, -122, 'Rezuugi fu duz cuubaguk rizafra vume firsoppa eseutwu huf heguj du kab vafhaz li suitajih tus bocahiw.', 'https://via.placeholder.com/549x573/759/fff/?text=PHOTO', 'https://via.placeholder.com/554x411/753/fff/?text=ICON', '2021-06-12 01:54:38'),
(188, 39, 37, -122, 'Fezit komeoz ve fuzog se uw ihjufud rut bicov vosa ige tuguzwor wem.', 'https://via.placeholder.com/494x451/33A/fff/?text=PHOTO', 'https://via.placeholder.com/462x492/6B8/fff/?text=ICON', '2020-10-12 16:58:56'),
(189, 31, 37, -122, 'Icu maido vukfu fob hacweru taf linloti miwumip ome up kituj molarna zadem sordo rikiptin rebefrok odifuz.', 'https://via.placeholder.com/477x403/99A/fff/?text=PHOTO', 'https://via.placeholder.com/353x562/B33/fff/?text=ICON', '2020-01-12 12:19:18'),
(190, 17, 37, -122, 'Jij ma we pi cisusdut ruhabiwi hu eje gefibjuv hahum acamki aki kovok pohki nawjidaha hoezobok he bakre.', 'https://via.placeholder.com/559x488/493/fff/?text=PHOTO', 'https://via.placeholder.com/562x549/8B9/fff/?text=ICON', '2021-03-08 14:21:57'),
(191, 40, 37, -122, 'Udu gubizhet ifi zafol pep titanriw oz pi zizejdes ev wekap wuwsiwor.', 'https://via.placeholder.com/382x387/6B5/fff/?text=PHOTO', 'https://via.placeholder.com/398x368/757/fff/?text=ICON', '2021-12-08 05:14:58'),
(192, 20, 37, -122, 'Feneuz gok niucugas le huppe wepipeh kih tohidro sah pefi ejput secbitjo vinudmug fun.', 'https://via.placeholder.com/488x574/7AA/fff/?text=PHOTO', 'https://via.placeholder.com/392x380/A85/fff/?text=ICON', '2022-01-15 16:49:27'),
(193, 29, 37, -122, 'Lukrazopo azu ca wiw jo sik voztok vaikaop udjiled baltijto aleligan ohsusid za poha goluus.', 'https://via.placeholder.com/392x458/997/fff/?text=PHOTO', 'https://via.placeholder.com/458x425/9B7/fff/?text=ICON', '2021-09-20 09:25:21'),
(194, 17, 38, -122, 'Mes kojezi nowo li be eloopirej ga ru bone otcu noinze bihjiw dilujok ciju udiuciru.', 'https://via.placeholder.com/464x450/74B/fff/?text=PHOTO', 'https://via.placeholder.com/412x524/789/fff/?text=ICON', '2020-09-12 13:27:26'),
(195, 14, 38, -122, 'Zebactud it hozu cena di maigu ujite memvecho wupzead iseni higuw wik ka edkuh.', 'https://via.placeholder.com/386x536/7A3/fff/?text=PHOTO', 'https://via.placeholder.com/465x549/B4B/fff/?text=ICON', '2020-08-08 14:43:28'),
(196, 29, 37, -122, 'Tirri woma padipaji revujta jojmur na miewevuv femgogbi ti siruwfom sezginso hewdiwli cojame ba ogege riahi.', 'https://via.placeholder.com/445x391/A84/fff/?text=PHOTO', 'https://via.placeholder.com/394x536/4A9/fff/?text=ICON', '2021-04-28 03:00:13'),
(197, 37, 37, -122, 'Domu nusuhe diajo lakafdaj viduk negnufle canluffen zi wahowawej mum upotu ragaffeh fadug sor gusmo ug sa pi.', 'https://via.placeholder.com/369x485/9B3/fff/?text=PHOTO', 'https://via.placeholder.com/437x532/94A/fff/?text=ICON', '2022-10-04 06:31:36');
INSERT INTO `track_locations` (`id`, `bench_id`, `lat`, `lng`, `description`, `photo`, `icon`, `date_create`) VALUES
(198, 32, 38, -122, 'Gep bi vu zog debe os asac je onuviwa vuup ekaeco kaze.', 'https://via.placeholder.com/434x507/BB4/fff/?text=PHOTO', 'https://via.placeholder.com/486x500/638/fff/?text=ICON', '2022-03-07 18:51:18'),
(199, 40, 37, -122, 'Howneh na revekga ago ijalakhom udmah koc ro va sukcep rog gosuc if todpaamu mecsem usa obvap jijriz.', 'https://via.placeholder.com/472x420/584/fff/?text=PHOTO', 'https://via.placeholder.com/491x513/677/fff/?text=ICON', '2020-06-14 22:48:56'),
(200, 11, 38, -122, 'Cuzazebo sushozuj hus ni mabepuz ga mutaheriv ofvevuz nocuz nod pubke ohise vivedu budram.', 'https://via.placeholder.com/600x441/59B/fff/?text=PHOTO', 'https://via.placeholder.com/577x456/779/fff/?text=ICON', '2021-04-06 14:33:27'),
(201, 4, 38, -122, 'Gihkiwu pitu fen jogka nuz vuzni di azewucra eblonza pejejuz nuwecbe cu da uzkeehi buhwi fa.', 'https://via.placeholder.com/375x533/868/fff/?text=PHOTO', 'https://via.placeholder.com/558x507/67A/fff/?text=ICON', '2021-12-21 02:39:02'),
(202, 17, 38, -122, 'Ogadib ba ci cifogni gobaju ki zogih kopvo bifrehi sadga zom kioje eklut dara nisluhgu iguigo.', 'https://via.placeholder.com/554x568/3B3/fff/?text=PHOTO', 'https://via.placeholder.com/496x490/A54/fff/?text=ICON', '2022-10-02 06:09:14'),
(203, 30, 37, -122, 'Cofwe finudro ud pijmunek fur ob irdavohe kahwug odurewok cusjapoj ibzoc cubifin fe.', 'https://via.placeholder.com/586x449/A36/fff/?text=PHOTO', 'https://via.placeholder.com/598x485/4B8/fff/?text=ICON', '2022-05-22 15:39:57'),
(204, 2, 38, -122, 'Pi tavep cu gokremapo enzemwi kitogosi nebiza ri bipsos lilec ru uvuhicaga kerma poguenu vi.', 'https://via.placeholder.com/384x449/764/fff/?text=PHOTO', 'https://via.placeholder.com/401x526/747/fff/?text=ICON', '2020-05-23 03:28:36'),
(205, 25, 37, -122, 'Law damninhod wop kinutare genojde tosobam ge veg rimtitwo kifiri cit ok.', 'https://via.placeholder.com/557x424/588/fff/?text=PHOTO', 'https://via.placeholder.com/516x600/57B/fff/?text=ICON', '2020-08-09 07:36:18'),
(206, 19, 37, -122, 'Nuz ho sif lunopefo jippur kapezo to rototpo go ri bupcec zoscioga nutekif eckod apzur bogva loftuv.', 'https://via.placeholder.com/418x410/74B/fff/?text=PHOTO', 'https://via.placeholder.com/462x491/43B/fff/?text=ICON', '2021-12-04 19:37:00'),
(207, 4, 37, -122, 'Averup huejlam dakij adijilbu gilca nuh feju tupuko janoh tap cahi vuisoiba putu faw.', 'https://via.placeholder.com/554x548/754/fff/?text=PHOTO', 'https://via.placeholder.com/404x577/6A6/fff/?text=ICON', '2022-04-12 04:05:04'),
(208, 6, 37, -122, 'Na zalam kaen cibwugvon edlajma sovjeji poz sefwu bi vev zu fug ga fas dafum veha.', 'https://via.placeholder.com/501x584/663/fff/?text=PHOTO', 'https://via.placeholder.com/416x425/497/fff/?text=ICON', '2021-10-31 17:35:10'),
(209, 50, 38, -122, 'Jab pipgiguh but hegfol zazwooca vunli zo gauviiki ruenozel ro ihoru ompeb lun ov.', 'https://via.placeholder.com/466x533/A47/fff/?text=PHOTO', 'https://via.placeholder.com/549x407/A63/fff/?text=ICON', '2022-10-06 13:33:32'),
(210, 6, 37, -122, 'Peef soiw gid sawduuje revifmam voupetur el kepdam ped saflum capvais epianro nimjirbi jijgul wuvona.', 'https://via.placeholder.com/572x513/594/fff/?text=PHOTO', 'https://via.placeholder.com/480x578/9B7/fff/?text=ICON', '2021-03-06 13:55:22'),
(211, 4, 37, -122, 'Piklasab ni iwi sirvap rejirsuk rulhaz zufaero as ube ev ivbe olufitin tuh ni jegujo botajteg of.', 'https://via.placeholder.com/588x359/547/fff/?text=PHOTO', 'https://via.placeholder.com/405x435/6A6/fff/?text=ICON', '2022-05-22 09:39:01'),
(212, 44, 37, -122, 'Jupu worlevgah heme elbaz ij gumutfos lezowri bi cap iz ce hul musom lercu wed giow dopowi.', 'https://via.placeholder.com/398x453/794/fff/?text=PHOTO', 'https://via.placeholder.com/501x359/778/fff/?text=ICON', '2021-04-22 07:06:20'),
(213, 17, 38, -122, 'Dodoema nuseizi ejesu luigmif va sa ifdobwit got dukamifit pu wogi fus.', 'https://via.placeholder.com/583x443/A95/fff/?text=PHOTO', 'https://via.placeholder.com/591x561/8A5/fff/?text=ICON', '2022-07-14 13:53:40'),
(214, 49, 38, -122, 'Esecovav cujoreca tu vujuhvib zieje mebi pifku riczono wuhilga obozaina tadco ti do rujcumiw.', 'https://via.placeholder.com/515x455/934/fff/?text=PHOTO', 'https://via.placeholder.com/399x562/B5B/fff/?text=ICON', '2022-02-08 20:27:14'),
(215, 36, 38, -122, 'Jeh ow fo paszer icifita fuogu fe focto pa je ka lucemde sattazi kodizeus uh di peg.', 'https://via.placeholder.com/351x402/547/fff/?text=PHOTO', 'https://via.placeholder.com/498x454/567/fff/?text=ICON', '2020-06-23 09:36:06'),
(216, 8, 37, -122, 'Lefobom pobve ogi vofguhon sifo ivozugabi dovtom umuecdup ulma dojmiic likocwi cu re.', 'https://via.placeholder.com/431x570/748/fff/?text=PHOTO', 'https://via.placeholder.com/465x592/384/fff/?text=ICON', '2020-11-18 22:10:02'),
(217, 43, 37, -122, 'Pi najog racim dobapi mulbipmof wu icokuf olfikvug bocuhi do zit ticad zocogsic wu hor ubimu.', 'https://via.placeholder.com/413x590/647/fff/?text=PHOTO', 'https://via.placeholder.com/554x467/A54/fff/?text=ICON', '2022-02-05 14:30:47'),
(218, 49, 37, -122, 'Jagiv wuf putazcu barozjat umu munpoz naviba ugsijbor id kohmij rov difo herokre ido.', 'https://via.placeholder.com/432x495/97A/fff/?text=PHOTO', 'https://via.placeholder.com/569x369/9A8/fff/?text=ICON', '2020-04-30 05:52:07'),
(219, 44, 37, -122, 'Ahiluwec kackigsov etuusu haf toffe vuveta gopbecag kak dadekda li go soswin va napug sa fodinke.', 'https://via.placeholder.com/380x574/547/fff/?text=PHOTO', 'https://via.placeholder.com/397x550/A55/fff/?text=ICON', '2020-03-22 22:48:26'),
(220, 31, 37, -122, 'Bogeje pi owceiha jev fif belogor ce hevu tifamco zatpup opa owoobe li tod piv cila.', 'https://via.placeholder.com/353x487/94B/fff/?text=PHOTO', 'https://via.placeholder.com/377x485/645/fff/?text=ICON', '2022-03-19 12:06:14'),
(221, 27, 38, -122, 'Hunim hul amehuse sasucow mitbocde nochoot kaor kefi gatib cagut jitticaz lebonnas pak ac namufuc lefucasit.', 'https://via.placeholder.com/470x422/748/fff/?text=PHOTO', 'https://via.placeholder.com/465x478/A37/fff/?text=ICON', '2021-04-23 08:44:56'),
(222, 18, 37, -122, 'Ukopokoz bog hodagi no rum orurailu arujeva osibekol bob wofiw gerwuh ikuzoawe ucte lupgeg carni.', 'https://via.placeholder.com/379x554/986/fff/?text=PHOTO', 'https://via.placeholder.com/552x467/B98/fff/?text=ICON', '2020-04-18 01:57:33'),
(223, 31, 37, -122, 'Kohi zeajaliw co cop egsutmab ik lik jahlejja to muma mudvo umawav jowcu pakasa.', 'https://via.placeholder.com/396x379/7BA/fff/?text=PHOTO', 'https://via.placeholder.com/384x599/46B/fff/?text=ICON', '2021-10-11 09:17:44'),
(224, 15, 37, -122, 'Fotiha wacka wobew giw tok hornuwa jebcam babditdit di tuffilar rogijri usjonem fewzu kadvi rizwewe gakip howut.', 'https://via.placeholder.com/502x482/978/fff/?text=PHOTO', 'https://via.placeholder.com/353x585/436/fff/?text=ICON', '2020-12-01 20:47:23'),
(225, 34, 38, -122, 'Annunoci jazaret fonje cipu vallijnu fa sedduc uvopiwu ahe kufupo hibvejpah femihit zunredib lud vi nin.', 'https://via.placeholder.com/376x366/49B/fff/?text=PHOTO', 'https://via.placeholder.com/550x502/4A3/fff/?text=ICON', '2021-06-16 19:32:16'),
(226, 44, 38, -122, 'Lensamom pe vekerig wifu ugapa hehroz his mew bis gobon guje riskaror ru robew va.', 'https://via.placeholder.com/363x384/664/fff/?text=PHOTO', 'https://via.placeholder.com/383x351/59B/fff/?text=ICON', '2021-09-15 15:38:22'),
(227, 38, 38, -122, 'Eweaceimu ciafa edmuz fasme paj we dib talu esebuftas tu an telewe nod mekjigut.', 'https://via.placeholder.com/526x487/369/fff/?text=PHOTO', 'https://via.placeholder.com/441x366/A96/fff/?text=ICON', '2020-01-12 04:28:17'),
(228, 15, 38, -122, 'Votokuz sa teraro bauc eg feecgez niige dura pa opoluse mud evoubeafa mi kaaka kip lunieh.', 'https://via.placeholder.com/522x360/883/fff/?text=PHOTO', 'https://via.placeholder.com/596x558/376/fff/?text=ICON', '2021-06-30 17:31:32'),
(229, 10, 38, -122, 'Hidecage vukevhut fam ec awetid wuwi idnarlon ja dukjujmu ujfuh tafnesdog ufe wiw neb.', 'https://via.placeholder.com/423x471/565/fff/?text=PHOTO', 'https://via.placeholder.com/533x541/766/fff/?text=ICON', '2021-05-26 13:46:58'),
(230, 33, 37, -122, 'Pud rife sumien huki fo lav lappacok zulkunda wupjeg gas laza he ki figomese.', 'https://via.placeholder.com/425x558/3B8/fff/?text=PHOTO', 'https://via.placeholder.com/423x369/49B/fff/?text=ICON', '2021-03-03 14:23:04'),
(231, 10, 38, -122, 'Idlid sur dalitete ni mes uhoanu ju pohavwe cedi be va faribec nejgeg razge muh.', 'https://via.placeholder.com/433x485/533/fff/?text=PHOTO', 'https://via.placeholder.com/516x528/676/fff/?text=ICON', '2021-01-11 04:50:27'),
(232, 50, 37, -122, 'Gom bezo ti ikukifzek nes ucdunu ko web wak bonapwi dasup tojkuot dicakuovi vujes.', 'https://via.placeholder.com/461x598/339/fff/?text=PHOTO', 'https://via.placeholder.com/442x370/893/fff/?text=ICON', '2021-04-03 08:27:43'),
(233, 44, 37, -122, 'Bumuc wehochi wunmej ak robpusko ni tehuffu sow mozavlif bal avuuk obuhi pe.', 'https://via.placeholder.com/582x386/478/fff/?text=PHOTO', 'https://via.placeholder.com/514x543/BAA/fff/?text=ICON', '2022-06-19 11:25:33'),
(234, 34, 38, -122, 'Hukucit govtuv vupgenos lizje koeduog mamujsew pefbueb elhavdij vipigvep opiluw adafa wo ifme isimega nalpas.', 'https://via.placeholder.com/562x425/893/fff/?text=PHOTO', 'https://via.placeholder.com/471x435/7AB/fff/?text=ICON', '2020-11-03 11:57:08'),
(235, 41, 38, -122, 'Juz ewutu kotu pocbahmo woz vucolacu ga ravo reopojig lu duibeuba fuduzpuf dadu dif saloc cigpuzges utawaode.', 'https://via.placeholder.com/564x497/7B5/fff/?text=PHOTO', 'https://via.placeholder.com/387x360/A76/fff/?text=ICON', '2020-10-09 14:19:20'),
(236, 49, 38, -122, 'Gisal zuruc ogiegifak pumi naupu wi lukorok ufiav ulzikgin vawauf pobmat okaawu eguv su luwesfel som.', 'https://via.placeholder.com/445x379/B44/fff/?text=PHOTO', 'https://via.placeholder.com/378x413/959/fff/?text=ICON', '2022-07-30 05:47:10'),
(237, 43, 38, -122, 'Bistuh rafrad pizcum odvevo sipdi abusimdav concek zukohe vogces mevra cu nibilsi.', 'https://via.placeholder.com/440x373/3B3/fff/?text=PHOTO', 'https://via.placeholder.com/411x571/4A9/fff/?text=ICON', '2021-08-07 02:03:40'),
(238, 48, 37, -122, 'Bauj ipwujki zire poenso asuuzce ke lodbulhel zok ocawihu kipza legdel davpu.', 'https://via.placeholder.com/370x356/75B/fff/?text=PHOTO', 'https://via.placeholder.com/577x536/7B8/fff/?text=ICON', '2021-11-20 03:10:42'),
(239, 27, 38, -122, 'Omopuwa mumug fod aze kavum noke befda udawu mueg tadbido lom azemibi seize pejkos ibo bul.', 'https://via.placeholder.com/363x572/A89/fff/?text=PHOTO', 'https://via.placeholder.com/393x574/49A/fff/?text=ICON', '2021-07-03 22:56:25'),
(240, 18, 38, -122, 'Wuzicig de pu hamulob ni ga rufeve caz eponape ecfunug mogtini sat cufsenim rag anipafza.', 'https://via.placeholder.com/352x485/6B9/fff/?text=PHOTO', 'https://via.placeholder.com/541x498/3B9/fff/?text=ICON', '2020-06-11 04:49:52'),
(241, 2, 37, -122, 'Kapinruw livaw uf zu vahehi vad fusiheoh rebaz bigoeko ehezij we afkur gofasouma bi.', 'https://via.placeholder.com/568x460/339/fff/?text=PHOTO', 'https://via.placeholder.com/489x372/693/fff/?text=ICON', '2022-03-11 13:09:28'),
(242, 3, 38, -122, 'Ugi pul ki luliklo butneet go cupukit nopah su wugipgib cuple gojhivguh lu ri.', 'https://via.placeholder.com/430x432/883/fff/?text=PHOTO', 'https://via.placeholder.com/432x391/7B5/fff/?text=ICON', '2022-02-07 17:00:10'),
(243, 1, 37, -122, 'Lud dedir co perpiv uk zariow feb goac daleha etome owogis ju.', 'https://via.placeholder.com/571x431/A46/fff/?text=PHOTO', 'https://via.placeholder.com/508x398/475/fff/?text=ICON', '2020-02-23 10:31:15'),
(244, 35, 37, -122, 'Umufab fe punota jizzusu iwuva tivelam lecjusjo kejnaptas pakoz ohate fononine pivwi adego jeg zi barnumsuv.', 'https://via.placeholder.com/542x451/6A6/fff/?text=PHOTO', 'https://via.placeholder.com/518x567/BBA/fff/?text=ICON', '2021-12-13 17:17:01'),
(245, 24, 38, -122, 'Jobvegvoh gorji kothumte bolafe opusepe tueme leaca ho vas owkefveh eli ba lom ge kocne opliupo.', 'https://via.placeholder.com/485x419/373/fff/?text=PHOTO', 'https://via.placeholder.com/418x569/4A5/fff/?text=ICON', '2020-07-22 11:00:14'),
(246, 3, 37, -122, 'Fazkesa mav ni vikeme bajo cu log vawon ge labdeboz sesacwus kuj.', 'https://via.placeholder.com/460x369/589/fff/?text=PHOTO', 'https://via.placeholder.com/383x495/999/fff/?text=ICON', '2021-03-15 15:54:59'),
(247, 1, 37, -122, 'Femajeeve gireraze vik madzesu nundecnen bad fod muzo jamiwbag ilahu muler awuwuc.', 'https://via.placeholder.com/385x586/489/fff/?text=PHOTO', 'https://via.placeholder.com/509x597/ABA/fff/?text=ICON', '2022-02-20 12:38:25'),
(248, 49, 37, -122, 'Sakvu ezano jija eb ojuk guzoj om wo zumcet si bu wohrig rolburwu ub.', 'https://via.placeholder.com/399x373/B84/fff/?text=PHOTO', 'https://via.placeholder.com/436x548/459/fff/?text=ICON', '2021-08-02 11:02:10'),
(249, 3, 37, -122, 'Ginsuk hizakosu hiseb toev jijle heg sipdi ojvurbip viphop nuwem korelada man.', 'https://via.placeholder.com/385x395/B77/fff/?text=PHOTO', 'https://via.placeholder.com/598x466/6A9/fff/?text=ICON', '2022-06-08 10:06:00'),
(250, 30, 38, -122, 'Borwe gofpaar ogzig al falo opi ugi ta haczalded mocihni ze sekatmof wicohaf veujse sewzu fapbolaz ugvaz hetim.', 'https://via.placeholder.com/480x393/3B5/fff/?text=PHOTO', 'https://via.placeholder.com/378x467/795/fff/?text=ICON', '2022-01-24 14:55:04');

-- --------------------------------------------------------

--
-- 表的结构 `track_users`
--

CREATE TABLE `track_users` (
  `id` int(13) NOT NULL,
  `name` varchar(64) NOT NULL,
  `username` varchar(64) NOT NULL,
  `email` varchar(128) NOT NULL,
  `password` varchar(32) NOT NULL,
  `img` varchar(256) NOT NULL,
  `date_create` datetime NOT NULL
) ENGINE=InnoDB DEFAULT CHARSET=latin1;

--
-- 转存表中的数据 `track_users`
--

INSERT INTO `track_users` (`id`, `name`, `username`, `email`, `password`, `img`, `date_create`) VALUES
(1, 'Nancy Davidson', 'user1', 'user1@gmail.com', '1a1dc91c907325c69271ddf0c944bc72', 'https://via.placeholder.com/473x582/797/fff/?text=Nancy Davidson', '2022-10-02 13:19:23'),
(2, 'Trevor Malone', 'user2', 'user2@gmail.com', '1a1dc91c907325c69271ddf0c944bc72', 'https://via.placeholder.com/555x592/94A/fff/?text=Trevor Malone', '2022-11-07 12:51:47'),
(3, 'Iva Mills', 'user3', 'user3@gmail.com', '1a1dc91c907325c69271ddf0c944bc72', 'https://via.placeholder.com/421x502/349/fff/?text=Iva Mills', '2022-03-24 11:25:05'),
(4, 'Raymond Kim', 'user4', 'user4@gmail.com', '1a1dc91c907325c69271ddf0c944bc72', 'https://via.placeholder.com/500x498/67B/fff/?text=Raymond Kim', '2021-08-26 02:55:04'),
(5, 'Bill Collins', 'user5', 'user5@gmail.com', '1a1dc91c907325c69271ddf0c944bc72', 'https://via.placeholder.com/576x578/873/fff/?text=Bill Collins', '2020-05-18 20:16:25'),
(6, 'George Bowen', 'user6', 'user6@gmail.com', '1a1dc91c907325c69271ddf0c944bc72', 'https://via.placeholder.com/575x491/474/fff/?text=George Bowen', '2021-03-26 03:27:00'),
(7, 'Alvin Page', 'user7', 'user7@gmail.com', '1a1dc91c907325c69271ddf0c944bc72', 'https://via.placeholder.com/439x388/78B/fff/?text=Alvin Page', '2022-05-20 06:52:49'),
(8, 'Gabriel Douglas', 'user8', 'user8@gmail.com', '1a1dc91c907325c69271ddf0c944bc72', 'https://via.placeholder.com/431x480/A36/fff/?text=Gabriel Douglas', '2021-07-27 09:57:58'),
(9, 'Christina Fields', 'user9', 'user9@gmail.com', '1a1dc91c907325c69271ddf0c944bc72', 'https://via.placeholder.com/540x521/63B/fff/?text=Christina Fields', '2021-05-19 19:02:25'),
(10, 'Ralph McDonald', 'user10', 'user10@gmail.com', '1a1dc91c907325c69271ddf0c944bc72', 'https://via.placeholder.com/472x532/373/fff/?text=Ralph McDonald', '2020-09-09 10:45:14');

--
-- 转储表的索引
--

--
-- 表的索引 `track_benches`
--
ALTER TABLE `track_benches`
  ADD PRIMARY KEY (`id`);

--
-- 表的索引 `track_locations`
--
ALTER TABLE `track_locations`
  ADD PRIMARY KEY (`id`);

--
-- 表的索引 `track_users`
--
ALTER TABLE `track_users`
  ADD PRIMARY KEY (`id`);

--
-- 在导出的表使用AUTO_INCREMENT
--

--
-- 使用表AUTO_INCREMENT `track_benches`
--
ALTER TABLE `track_benches`
  MODIFY `id` int(13) NOT NULL AUTO_INCREMENT, AUTO_INCREMENT=51;

--
-- 使用表AUTO_INCREMENT `track_locations`
--
ALTER TABLE `track_locations`
  MODIFY `id` int(13) NOT NULL AUTO_INCREMENT, AUTO_INCREMENT=251;

--
-- 使用表AUTO_INCREMENT `track_users`
--
ALTER TABLE `track_users`
  MODIFY `id` int(13) NOT NULL AUTO_INCREMENT, AUTO_INCREMENT=11;
COMMIT;

/*!40101 SET CHARACTER_SET_CLIENT=@OLD_CHARACTER_SET_CLIENT */;
/*!40101 SET CHARACTER_SET_RESULTS=@OLD_CHARACTER_SET_RESULTS */;
/*!40101 SET COLLATION_CONNECTION=@OLD_COLLATION_CONNECTION */;
